,notification_date,postcode,likely_source_of_infection,lhd_2010_code,lhd_2010_name,lga_code19,lga_name19,locality,name,state,long,lat,Cases
854,2020-03-12,2456.0,Overseas,X820,Mid North Coast,11800.0,Coffs Harbour (C),WOOLGOOLGA,"ARRAWARRA, ARRAWARRA HEADLAND, CORINDI BEACH, DIRTY CREEK, EMERALD BEACH, MULLAWAY, RED ROCK, SAFETY BEACH, SANDY BEACH, UPPER CORINDI, WOOLGOOLGA",NSW,153.14340900000002,-30.073663,2
1065,2020-03-13,2128.0,Local (Known Contact),X740,Western Sydney,16260.0,Parramatta (C),SILVERWATER,SILVERWATER,NSW,151.04759099999998,-33.835928,1
1168,2020-03-14,2306.0,Local (Unknown Contact),X800,Hunter New England,14650.0,Lake Macquarie (C),WINDALE,WINDALE,NSW,151.682517,-32.993286,1
1298,2020-03-15,2080.0,Local (Known Contact),X760,Northern Sydney,14000.0,Hornsby (A),MOUNT KURING-GAI,MOUNT KURING-GAI,NSW,151.143563,-33.658174,1
1486,2020-03-16,2425.0,Overseas,X800,Hunter New England,15240.0,Mid-Coast (A),WASHPOOL,"ALLWORTH, BOORAL, GIRVAN, STROUD, THE BRANCH, WASHPOOL",NSW,152.002451,-32.417598,1
1344,2020-03-16,2516.0,Overseas,X730,Illawarra Shoalhaven,18450.0,Wollongong (C),BULLI TOPS,"BULLI, BULLI TOPS",NSW,150.90483500000002,-34.332109,1
1608,2020-03-17,2297.0,Local (Known Contact),X800,Hunter New England,15900.0,Newcastle (C),TIGHES HILL,TIGHES HILL,NSW,151.750126,-32.909135,2
1516,2020-03-17,2231.0,Overseas,X720,South Eastern Sydney,17150.0,Sutherland Shire (A),KURNELL,KURNELL,NSW,151.193492,-34.029927,1
1725,2020-03-18,2484.0,Local (Unknown Contact),X810,Northern NSW,17550.0,Tweed (A),ZARA,"BACK CREEK, BOAT HARBOUR, BRAY PARK, BRAYS CREEK, BYANGUM, BYRRILL CREEK, CEDAR CREEK, CHILLINGHAM, CHOWAN CREEK, CLOTHIERS CREEK, COMMISSIONERS CREEK, CONDONG, CRYSTAL CREEK, CUDGERA CREEK, DOON DOON, DULGUIGAN, DUM DUM, DUNBIBLE, DUNGAY, EUNGELLA, EVIRON, FARRANTS HILL, FERNVALE, HOPKINS CREEK, KIELVALE, KUNGHUR, KUNGHUR CREEK, KYNNUMBOON, LIMPINWOOD, MEBBIN, MIDGINBIL, MOUNT BURRELL, MOUNT WARNING, MURWILLUMBAH, MURWILLUMBAH DC, MURWILLUMBAH SOUTH, NOBBYS CREEK, NORTH ARM, NUMINBAH, NUNDERI, PALMVALE, PUMPENBIL, RESERVE CREEK, ROUND MOUNTAIN, ROWLANDS CREEK, SMITHS CREEK, SOUTH MURWILLUMBAH, STOKERS SIDING, TERRAGON, TOMEWIN, TYALGUM, TYALGUM CREEK, TYGALGAH, UKI, UPPER CRYSTAL CREEK, URLIUP, WARDROP VALLEY, ZARA",NSW,153.31648,-28.38059,1
1788,2020-03-19,2421.0,Overseas,X800,Hunter New England,12700.0,Dungog (A),WEBBERS CREEK,"FISHERS HILL, PATERSON, SUMMER HILL, TOCAL, TORRYBURN, TREVALLYN, VACY, WEBBERS CREEK",NSW,151.5127294,-32.58240999,3
1636,2020-03-19,2226.0,Overseas,X720,South Eastern Sydney,17150.0,Sutherland Shire (A),JANNALI,"BONNET BAY, COMO, JANNALI",NSW,151.063808,-34.009345,2
1048,2020-03-20,2773.0,Local (Known Contact),X750,Nepean Blue Mountains,10900.0,Blue Mountains (C),LAPSTONE,"GLENBROOK, LAPSTONE",NSW,150.62678799999998,-33.768837,2
1870,2020-03-20,2343.0,Overseas,X800,Hunter New England,14920.0,Liverpool Plains (A),YARRAMAN,"BLACKVILLE, BORAMBIL, BUNDELLA, CAROONA, COLLY BLUE, COOMOO COOMOO, PINE RIDGE, QUIPOLLY, QUIRINDI, SPRING RIDGE, WALLABADAH, WARRAH RIDGE, WINDY, YANNERGEE, YARRAMAN",NSW,150.1491418,-31.66545698,2
2036,2020-03-21,2079.0,Overseas,X760,Northern Sydney,14000.0,Hornsby (A),MOUNT COLAH,MOUNT COLAH,NSW,151.112681,-33.666637,1
2035,2020-03-21,2490.0,Overseas,X810,Northern NSW,17550.0,Tweed (A),TUMBULGUM,"NORTH TUMBULGUM, TUMBULGUM",NSW,153.472644,-28.271718,1
2127,2020-03-21,2357.0,Overseas,X850,Western NSW,18020.0,Warrumbungle Shire (A),YEARINAN,"BOMERA, BOX RIDGE, BUGALDIE, COONABARABRAN, DANDRY, GOWANG, PURLEWAUGH, ROCKY GLEN, TANNABAR, ULAMAMBRI, WATTLE SPRINGS, YEARINAN",NSW,149.263874,-31.193339,1
376,2020-03-22,2115.0,Overseas,X740,Western Sydney,16260.0,Parramatta (C),ERMINGTON,ERMINGTON,NSW,151.059845,-33.813106,4
2183,2020-03-22,2463.0,Overseas,X810,Northern NSW,11730.0,Clarence Valley (A),WOODFORD ISLAND,"ASHBY, ASHBY HEIGHTS, ASHBY ISLAND, BROOMS HEAD, GULMARRAD, ILARWILL, JACKY BULBIN FLAT, JAMES CREEK, MACLEAN, PALMERS CHANNEL, PALMERS ISLAND, SANDON, SHARK CREEK, TALOUMBI, THE SANDON, TOWNSEND, TULLYMORGAN, WOODFORD, WOODFORD ISLAND",NSW,153.1344664,-29.5139517,1
2311,2020-03-22,2476.0,Interstate,X810,Northern NSW,17400.0,Tenterfield (A),WOODENBONG,"ACACIA CREEK, ACACIA PLATEAU, BOOMI CREEK, BRUMBY PLAINS, KOREELAH, LEGUME, LINDESAY CREEK, LOWER ACACIA CREEK, MULI MULI, OLD KOREELAH, THE GLEN, WOODENBONG",NSW,152.49765,-28.364559999999997,2
2396,2020-03-23,2173.0,Local (Unknown Contact),X710,South Western Sydney,14900.0,Liverpool (C),WATTLE GROVE,"HOLSWORTHY, WATTLE GROVE",NSW,150.919554,-34.074239,1
2442,2020-03-23,2786.0,Overseas,X750,Nepean Blue Mountains,10900.0,Blue Mountains (C),MOUNT WILSON,"BELL, DARGAN, MOUNT IRVINE, MOUNT VICTORIA, MOUNT WILSON",NSW,150.317795,-33.533055,1
2400,2020-03-23,2172.0,Overseas,X710,South Western Sydney,14900.0,Liverpool (C),VOYAGER POINT,"PLEASURE POINT, SANDY POINT, VOYAGER POINT",NSW,150.917444,-33.951109,1
1961,2020-03-23,2508.0,Overseas,X730,Illawarra Shoalhaven,18450.0,Wollongong (C),WORONORA DAM,"COALCLIFF, DARKES FOREST, HELENSBURGH, LILYVALE, MADDENS PLAINS, OTFORD, STANWELL PARK, STANWELL TOPS, WORONORA DAM",NSW,150.9354342,-34.16316178,2
1241,2020-03-23,2132.0,Overseas,X700,Sydney,11300.0,Burwood (A),CROYDON,CROYDON,NSW,151.11338500000002,-33.882419,3
1622,2020-03-23,2048.0,Overseas,X700,Sydney,14170.0,Inner West (A),WESTGATE,"STANMORE, WESTGATE",NSW,151.16564,-33.89418,2
2303,2020-03-23,2799.0,Overseas,X850,Western NSW,10850.0,Blayney (A),VITTORIA,"BARRY, BLAYNEY, BROWNS CREEK, FITZGERALDS MOUNT, KINGS PLAINS, NEVILLE, VITTORIA",NSW,149.267666,-33.571335,3
2330,2020-03-23,2345.0,Overseas,X800,Hunter New England,17310.0,Tamworth Regional (A),GARTHOWEN,"ATTUNGA, GARTHOWEN",NSW,150.875031,-30.864341999999997,1
1681,2020-03-23,2487.0,Overseas,X810,Northern NSW,17550.0,Tweed (A),STOTTS CREEK,"CASUARINA, CHINDERAH, CUDGEN, DURANBAH, FINGAL HEAD, KINGS FOREST, KINGSCLIFF, STOTTS CREEK",NSW,153.548588,-28.279729999999997,4
434,2020-03-23,2028.0,Overseas,X720,South Eastern Sydney,18500.0,Woollahra (A),DOUBLE BAY,DOUBLE BAY,NSW,151.240965,-33.878413,3
2169,2020-03-24,2208.0,Local (Known Contact),X700,Sydney,11570.0,Canterbury-Bankstown (A),KINGSWAY WEST,"KINGSGROVE, KINGSWAY WEST",NSW,151.098002,-33.942632,2
1735,2020-03-24,2278.0,Overseas,X800,Hunter New England,14650.0,Lake Macquarie (C),WAKEFIELD,"BARNSLEY, KILLINGWORTH, WAKEFIELD",NSW,151.59041499999998,-32.932412,3
2329,2020-03-24,2360.0,Overseas,X800,Hunter New England,14200.0,Inverell (A),WOODSTOCK,"AUBURN VALE, BRODIES PLAINS, BUKKULLA, CHERRY TREE HILL, COPETON, ELSMORE, GILGAI, GRAMAN, GUM FLAT, HOWELL, INVERELL, KINGS PLAINS, LITTLE PLAIN, LONG PLAIN, MOUNT RUSSELL, NEWSTEAD, NULLAMANNA, OAKWOOD, PARADISE, ROB ROY, SAPPHIRE, SPRING MOUNTAIN, STANBOROUGH, SWANBROOK, WALLANGRA, WANDERA, WOODSTOCK",NSW,151.314883,-29.74182058,3
2305,2020-03-24,2465.0,Overseas,X810,Northern NSW,11730.0,Clarence Valley (A),HARWOOD,HARWOOD,NSW,153.243897,-29.412622,2
2502,2020-03-24,2286.0,Local (Unknown Contact),X800,Hunter New England,14650.0,Lake Macquarie (C),WEST WALLSEND,"HOLMESVILLE, SEAHAMPTON, WEST WALLSEND",NSW,151.532669,-32.923321,1
1944,2020-03-24,2527.0,Overseas,X730,Illawarra Shoalhaven,16900.0,Shellharbour (C),YELLOW ROCK,"ALBION PARK, ALBION PARK RAIL, CALDERWOOD, CROOM, NORTH MACQUARIE, TONGARRA, TULLIMBAR, YELLOW ROCK",NSW,150.754592,-34.583539,5
2207,2020-03-24,2641.0,Overseas,X921,Network with Vic,10050.0,Albury (C),SPRINGDALE HEIGHTS,"HAMILTON VALLEY, LAVINGTON, SPRINGDALE HEIGHTS",NSW,146.93043600000001,-36.038655,2
2515,2020-03-24,2335.0,Overseas,X800,Hunter New England,17000.0,Singleton (A),STANHOPE,"BELFORD, BRANXTON, DALWOOD, EAST BRANXTON, ELDERSLIE, LAMBS VALLEY, LECONFIELD, LOWER BELFORD, NORTH ROTHBURY, STANHOPE",NSW,151.319414,-32.642117999999996,1
2472,2020-03-24,2327.0,Overseas,X800,Hunter New England,11720.0,Cessnock (C),STANFORD MERTHYR,"KURRI KURRI, PELAW MAIN, STANFORD MERTHYR",NSW,151.48621200000002,-32.820688,2
1800,2020-03-24,2525.0,Interstate,X730,Illawarra Shoalhaven,18450.0,Wollongong (C),FIGTREE,FIGTREE,NSW,150.818904,-34.437228999999995,3
2531,2020-03-24,2590.0,Overseas,X840,Murrumbidgee,12160.0,Cootamundra-Gundagai Regional (A),ILLABO,"BETHUNGRA, COOTAMUNDRA, ILLABO",NSW,147.89691100000002,-34.714515000000006,1
2532,2020-03-24,2550.0,Overseas,X830,Southern NSW,10550.0,Bega Valley (A),YOWRIE,"ANGLEDALE, BEGA, BEMBOKA, BLACK RANGE, BOURNDA, BROGO, BUCKAJO, BUNGA, BURRAGATE, CANDELO, CHINNOCK, COBARGO, COOLAGOLITE, COOLANGUBRA, COOPERS GULLY, DEVILS HOLE, DOCTOR GEORGE MOUNTAIN, FROGS HOLLOW, GREENDALE, JELLAT JELLAT, KALARU, KAMERUKA, KANOONA, KINGSWOOD, MOGAREEKA, MOGILLA, MORANS CROSSING, MUMBULLA MOUNTAIN, MURRAH, MYRTLE MOUNTAIN, NELSON, NEW BUILDINGS, NUMBUGGA, PERICOE, QUAAMA, REEDY SWAMP, ROCKY HALL, SOUTH WOLUMLA, STONY CREEK, TANJA, TANTAWANGALO, TARRAGANDA, TATHRA, TOOTHDALE, TOWAMBA, VERONA, WALLAGOOT, WANDELLA, WAPENGO, WOG WOG, WOLUMLA, WYNDHAM, YAMBULLA, YANKEES CREEK, YOWRIE",NSW,149.699222,-36.737758,1
2566,2020-03-25,2333.0,Overseas,X800,Hunter New England,15650.0,Muswellbrook (A),WYBONG,"BAERAMI, BAERAMI CREEK, BENGALLA, CASTLE ROCK, EDDERTON, GUNGAL, KAYUGA, LIDDELL, MANOBALAI, MCCULLYS GAP, MUSCLE CREEK, MUSWELLBROOK, SANDY HOLLOW, WYBONG",NSW,150.701949,-32.248568,1
2563,2020-03-25,2631.0,Overseas,X830,Southern NSW,17040.0,Snowy Monaro Regional (A),WINIFRED,"ANDO, BOCCI, BOCO, CREEWAH, GLEN ALLEN, GREENLANDS, HOLTS FLAT, JIMCUMBILLY, JINCUMBILLY, KYBEYAN, MOUNT COOPER, NIMMITABEL, STEEPLE FLAT, WINIFRED",NSW,149.306729,-36.529385999999995,1
2549,2020-03-25,2660.0,Overseas,X840,Murrumbidgee,13340.0,Greater Hume Shire (A),MORVEN,"CARNSDALE, CULCAIRN, MORVEN",NSW,147.07831000000002,-35.699906,1
2564,2020-03-25,2820.0,Overseas,X850,Western NSW,12390.0,Dubbo Regional (A),YARRAGAL,"APSLEY, ARTHURVILLE, BAKERS SWAMP, BODANGORA, COMOBELLA, CURRA CREEK, DRIPSTONE, FARNHAM, GOLLAN, LAKE BURRENDONG, MARYVALE, MEDWAY, MONTEFIORES, MOOKERAWA, MOUNT AQUILA, MOUNT ARTHUR, MUMBIL, NANIMA, NEUREA, NORTH YEOVAL, SPICERS CREEK, STUART TOWN, SUNTOP, WALMER, WELLINGTON, WUULUMAN, YARRAGAL",NSW,148.989227,-32.553282,2
1927,2020-03-25,2140.0,Local (Unknown Contact),X700,Sydney,17100.0,Strathfield (A),HOMEBUSH WEST,"HOMEBUSH, HOMEBUSH SOUTH, HOMEBUSH WEST",NSW,151.070853,-33.835018,3
2571,2020-03-25,2757.0,Overseas,X750,Nepean Blue Mountains,13800.0,Hawkesbury (C),KURMOND,KURMOND,NSW,150.69208600000002,-33.554839,1
2146,2020-03-25,2256.0,Overseas,X770,Central Coast,11650.0,Central Coast (C) (NSW),WOY WOY BAY,"BLACKWALL, HORSFIELD BAY, KOOLEWONG, LITTLE WOBBY, PATONGA, PEARL BEACH, PHEGANS BAY, WONDABYNE, WOY WOY, WOY WOY BAY",NSW,151.331154,-33.482123,3
2349,2020-03-25,2486.0,Overseas,X810,Northern NSW,17550.0,Tweed (A),UPPER DUROBY,"BANORA POINT, BILAMBIL, BILAMBIL HEIGHTS, BUNGALORA, CAROOL, COBAKI, COBAKI LAKES, DUROBY, GLENGARRIE, PIGGABEEN, TERRANORA, TWEED HEADS SOUTH, TWEED HEADS SOUTH DC, UPPER DUROBY",NSW,153.479217,-28.215215,5
2300,2020-03-25,2753.0,Local (Known Contact),X750,Nepean Blue Mountains,13800.0,Hawkesbury (C),YARRAMUNDI,"AGNES BANKS, BOWEN MOUNTAIN, GROSE VALE, GROSE WOLD, HOBARTVILLE, LONDONDERRY, RICHMOND, RICHMOND LOWLANDS, YARRAMUNDI",NSW,150.646053,-33.604022,5
2441,2020-03-25,2783.0,Local (Known Contact),X750,Nepean Blue Mountains,10900.0,Blue Mountains (C),LAWSON,LAWSON,NSW,150.431839,-33.725566,2
2572,2020-03-25,2810.0,Overseas,X850,Western NSW,18100.0,Weddin (A),WARRADERRY,"BIMBI, CARAGABAL, GLENELG, GRENFELL, PINEY RANGE, PINNACLE, PULLABOOKA, WARRADERRY",NSW,148.054607,-33.902869,1
1728,2020-03-25,2779.0,Overseas,X750,Nepean Blue Mountains,10900.0,Blue Mountains (C),HAZELBROOK,HAZELBROOK,NSW,150.45933,-33.7237,3
2569,2020-03-25,2371.0,Overseas,X800,Hunter New England,13010.0,Glen Innes Severn (A),YELLOW DAM,"CAPOOMPETA, DEEPWATER, EMMAVILLE, ROCKY CREEK, STANNUM, TENT HILL, THE GULF, TORRINGTON, TUNGSTEN, WELLINGTON VALE, YELLOW DAM",NSW,151.814675,-29.36625,2
2567,2020-03-25,2821.0,Local (Known Contact),X850,Western NSW,15850.0,Narromine (A),WYANGA,"BURROWAY, NARROMINE, WYANGA",NSW,148.110385,-32.255249,1
517,2020-03-25,2047.0,Overseas,X700,Sydney,11520.0,Canada Bay (A),DRUMMOYNE,DRUMMOYNE,NSW,151.165735,-33.853924,2
2540,2020-03-25,2569.0,Interstate,X710,South Western Sydney,18400.0,Wollondilly (A),DOUGLAS PARK,DOUGLAS PARK,NSW,150.708875,-34.196003999999995,1
2427,2020-03-25,2830.0,Local (Unknown Contact),X850,Western NSW,12390.0,Dubbo Regional (A),WHYLANDRA CROSSING,"BALLIMORE, BARBIGAL, BENI, BOOTHENBA, BROCKLEHURST, CUMBOOGLE, DELROY GARDENS, DICKYGUNDI, DUBBO, DUBBO DC, DUBBO EAST, DUBBO GROVE, DUBBO WEST, ESCHOL, EULOMOGO, GOONOO FOREST, KICKABIL, MANERA HEIGHTS, MINORE, MOGRIGUY, MURONBUNG, ORANA HEIGHTS, RAWSONVILLE, TALBRAGAR, TERRAMUNGAMINE, TOONGI, TROY JUNCTION, WAMBANGALANG, WHYLANDRA CROSSING",NSW,148.657282,-32.24224,3
2568,2020-03-25,2337.0,Overseas,X800,Hunter New England,17620.0,Upper Hunter Shire (A),WOOLOOMA,"BELLTREES, BRAWBOY, BUNNAN, DRY CREEK, ELLERSTON, GLENBAWN, GLENROCK, GUNDY, KARS SPRINGS, MIDDLE BROOK, MOOBI, MOONAN BROOK, MOONAN FLAT, MURULLA, OMADALE, OWENS GAP, PAGES CREEK, PARKVILLE, SATUR, SCONE, SEGENHOE, STEWARTS BROOK, TOMALLA, WAVERLY, WINGEN, WOOLOOMA",NSW,151.08041200000002,-31.966753999999998,1
2615,2020-03-26,2619.0,Overseas,X830,Southern NSW,16490.0,Queanbeyan-Palerang Regional (A),JERRABOMBERRA,JERRABOMBERRA,NSW,149.194535,-35.378159000000004,1
2614,2020-03-26,2447.0,Overseas,X820,Mid North Coast,15700.0,Nambucca (A),YARRANBELLA,"BAKERS CREEK, BURRAPINE, CONGARINNI, CONGARINNI NORTH, DONNELLYVILLE, GUMMA, MACKSVILLE, NEWEE CREEK, NORTH MACKSVILLE, SCOTTS HEAD, TALARM, TAYLORS ARM, THUMB CREEK, UPPER TAYLORS ARM, UTUNGUN, WARRELL CREEK, WAY WAY, WIRRIMBI, YARRANBELLA",NSW,152.751629,-30.770670000000003,1
1913,2020-03-26,2102.0,Overseas,X760,Northern Sydney,15990.0,Northern Beaches (A),WARRIEWOOD SHOPPING SQUARE,"WARRIEWOOD, WARRIEWOOD DC, WARRIEWOOD SHOPPING SQUARE",NSW,151.290953,-33.689941,7
2317,2020-03-26,2290.0,Overseas,X800,Hunter New England,14650.0,Lake Macquarie (C),WHITEBRIDGE,"BENNETTS GREEN, CHARLESTOWN, DUDLEY, GATESHEAD, HILLSBOROUGH, KAHIBAH, MOUNT HUTTON, REDHEAD, TINGIRA HEIGHTS, WHITEBRIDGE",NSW,151.707801,-32.983963,6
2611,2020-03-26,2824.0,Overseas,X850,Western NSW,17950.0,Warren (A),WARREN,"BEEMUNNEL, BULLAGREEN, EENAWEENA, MARTHAGUY, MOUNT FOSTER, MOUNT HARRIS, MUMBLEBONE PLAIN, OXLEY, PIGEONBAH, PINE CLUMP, RAVENSWOOD, RED HILL, SNAKES PLAIN, TENANDRA, WARREN",NSW,147.785831,-31.373201,1
1816,2020-03-26,2460.0,Overseas,X810,Northern NSW,11730.0,Clarence Valley (A),WOMBAT CREEK,"ALUMY CREEK, BANYABBA, BARCOONGERE, BARRETTS CREEK, BARYULGIL, BLAXLANDS CREEK, BLAXLANDS FLAT, BOM BOM, BOOKRAM, BRAUNSTONE, BRUSHGROVE, BUCCARUMBI, CALAMIA, CANGAI, CARNHAM, CARRS CREEK, CARRS ISLAND, CARRS PENINSULAR, CHAELUNDI, CHAMBIGNE, CLARENZA, CLIFDEN, COALDALE, COLLUM COLLUM, COOMBADJHA, COPMANHURST, COUTTS CROSSING, COWPER, CROWTHER ISLAND, DALMORTON, DEEP CREEK, DILKOON, DIRTY CREEK, DUMBUDGERY, EATONSVILLE, EIGHTEEN MILE, ELLAND, FINE FLOWER, FORTIS CREEK, GLENUGIE, GRAFTON, GRAFTON WEST, GREAT MARLOW, GURRANANG, HALFWAY CREEK, HEIFER STATION, JACKADGERY, JUNCTION HILL, KANGAROO CREEK, KEYBARBIN, KOOLKHAN, KREMNOS, KUNGALA, KYARRAN, LANITZA, LAWRENCE, LEVENSTRATH, LILYDALE, LIONSVILLE, LOWER COLDSTREAM, LOWER SOUTHGATE, MALABUGILMAH, MCPHERSONS CROSSING, MOLEVILLE CREEK, MOUNTAIN VIEW, MYLNEFORD, NEWBOLD, NYMBOIDA, PULGANBAR, PUNCHBOWL, RAMORNIE, RUSHFORTH, SANDY CROSSING, SEELANDS, SHANNONDALE, SMITHS CREEK, SOUTH ARM, SOUTH GRAFTON, SOUTHAMPTON, SOUTHGATE, STOCKYARD CREEK, THE PINNACLES, THE WHITEMAN, TOWALLUM, TRENAYR, TYNDALE, UPPER COPMANHURST, UPPER FINE FLOWER, WARRAGAI CREEK, WASHPOOL, WATERVIEW, WATERVIEW HEIGHTS, WELLS CROSSING, WHITEMAN CREEK, WINEGROVE, WOMBAT CREEK",NSW,153.271074,-29.320771999999998,3
2599,2020-03-26,2630.0,Overseas,X830,Southern NSW,17040.0,Snowy Monaro Regional (A),WAMBROOK,"ARABLE, BADJA, BILLILINGRA, BINJURA, BOBUNDARA, BOLARO, BUCKENDERRA, BUNGARBY, BUNYAN, CARLAMINDA, CHAKOLA, COOLRINGDON, COOMA, COOMA NORTH, COONERANG, COUNTEGANY, DAIRYMANS PLAINS, DANGELONG, DRY PLAIN, FRYING PAN, GLEN FERGUS, IRONMUNGY, JERANGLE, JIMENBUEN, LONG PLAIN, MAFFRA, MIDDLE FLAT, MIDDLINGBANK, MURRUMBUCCA, MYALLA, NIMMO, NUMERALLA, PEAK VIEW, PINE VALLEY, POLO FLAT, RHINE FALLS, ROCK FLAT, ROSE VALLEY, SHANNONS FLAT, SPRINGFIELD, THE BROTHERS, TUROSS, WAMBROOK",NSW,149.129166,-36.177296000000005,1
2600,2020-03-26,2647.0,Overseas,X840,Murrumbidgee,12870.0,Federation (A),MULWALA,MULWALA,NSW,145.976131,-35.905463,1
1779,2020-03-26,2519.0,Overseas,X730,Illawarra Shoalhaven,18450.0,Wollongong (C),REIDTOWN,"BALGOWNIE, FAIRY MEADOW, FERNHILL, MOUNT OUSLEY, MOUNT PLEASANT, REIDTOWN",NSW,150.709623,-34.355579999999996,6
2587,2020-03-26,2571.0,Local (Unknown Contact),X710,South Western Sydney,18400.0,Wollondilly (A),WILTON,"BALMORAL, BALMORAL VILLAGE, BUXTON, COURIDJAH, MALDON, MOWBRAY PARK, PICTON, RAZORBACK, WILTON",NSW,150.622493,-34.16715,1
2584,2020-03-26,2627.0,Overseas,X830,Southern NSW,17040.0,Snowy Monaro Regional (A),SAWPIT CREEK,"BULLOCKS FLAT, CRACKENBACK, EAST JINDABYNE, GROSSES PLAIN, GUNGARLIN, HILL TOP, INGEBIRAH, INGEBYRA, JINDABYNE, KALKITE, KOSCIUSZKO, KOSCIUSZKO NATIONAL PARK, LOWER THREDBO, MOONBAH, PILOT WILDERNESS, SAWPIT CREEK",NSW,148.232341,-36.409113,3
623,2020-03-26,2126.0,Overseas,X760,Northern Sydney,14000.0,Hornsby (A),CHERRYBROOK,CHERRYBROOK,NSW,151.043941,-33.724897999999996,3
2411,2020-03-26,2448.0,Overseas,X820,Mid North Coast,15700.0,Nambucca (A),VIEWMONT,"HYLAND PARK, NAMBUCCA HEADS, VALLA, VALLA BEACH, VIEWMONT",NSW,152.956681,-30.604667,2
1297,2020-03-26,2191.0,Local (Known Contact),X700,Sydney,11570.0,Canterbury-Bankstown (A),BELFIELD,BELFIELD,NSW,151.085513,-33.906803000000004,5
2633,2020-03-26,2506.0,Overseas,X730,Illawarra Shoalhaven,18450.0,Wollongong (C),BERKELEY,BERKELEY,NSW,150.840792,-34.48494,1
2498,2020-03-26,2526.0,Overseas,X730,Illawarra Shoalhaven,18450.0,Wollongong (C),UNANDERRA DC,"CORDEAUX, CORDEAUX HEIGHTS, FARMBOROUGH HEIGHTS, KEMBLA GRANGE, KEMBLA HEIGHTS, MOUNT KEMBLA, UNANDERRA, UNANDERRA DC",NSW,150.77681,-34.380765000000004,2
2521,2020-03-26,2680.0,Overseas,X840,Murrumbidgee,13450.0,Griffith (C),YOOGALI,"BEELBANGERA, BENEREMBAH, BILBUL, GRIFFITH, GRIFFITH DC, GRIFFITH EAST, HANWOOD, KOOBA, LAKE WYANGAN, NERICON, THARBOGANG, WARBURN, WARRAWIDGEE, WIDGELLI, WILLBRIGGIE, YOOGALI",NSW,145.914625,-34.321422,3
1415,2020-03-26,2142.0,Local (Known Contact),X740,Western Sydney,12380.0,Cumberland (A),SOUTH GRANVILLE,"BLAXCELL, CAMELLIA, CLYDE, GRANVILLE, HOLROYD, ROSEHILL, SOUTH GRANVILLE",NSW,151.0106782,-33.85780796,5
1451,2020-03-26,2298.0,Overseas,X800,Hunter New England,15900.0,Newcastle (C),WARATAH WEST,"GEORGETOWN, WARATAH, WARATAH WEST",NSW,151.722243,-32.905633,5
2332,2020-03-26,2431.0,Overseas,X820,Mid North Coast,14350.0,Kempsey (A),SOUTH WEST ROCKS,"ARAKOON, JERSEYVILLE, SOUTH WEST ROCKS",NSW,153.053789,-30.925233000000002,2
752,2020-03-26,2756.0,Overseas,X750,Nepean Blue Mountains,13800.0,Hawkesbury (C),WOMERAH,"BLIGH PARK, CATTAI, CENTRAL COLO, CLARENDON, COLO, COLO HEIGHTS, CORNWALLIS, CUMBERLAND REACH, EBENEZER, FREEMANS REACH, GLOSSODIA, LEETS VALE, LOWER PORTLAND, MAROOTA, MCGRATHS HILL, MELLONG, MULGRAVE, PITT TOWN, PITT TOWN BOTTOMS, SACKVILLE, SACKVILLE NORTH, SCHEYVILLE, SOUTH MAROOTA, SOUTH WINDSOR, UPPER COLO, WILBERFORCE, WINDSOR, WINDSOR DOWNS, WOMERAH",NSW,150.8001824,-33.23594291,11
2648,2020-03-27,2454.0,Overseas,X820,Mid North Coast,10600.0,Bellingen (A),VALERY,"BELLINGEN, BRIERFIELD, BRINERVILLE, BUNDAGEN, DARKWOOD, FERNMOUNT, GLENIFFER, GORDONVILLE, HYDES CREEK, KALANG, KOOROOWI, MYLESTOM, ORAMA, RALEIGH, REPTON, SCOTCHMAN, SPICKETTS CREEK, SUNNY CORNER, THORA, UPPER THORA, VALERY",NSW,152.84026599999999,-30.459807,1
2651,2020-03-27,2843.0,Overseas,X850,Western NSW,18020.0,Warrumbungle Shire (A),COOLAH,COOLAH,NSW,149.727798,-31.824340000000003,1
1138,2020-03-27,2517.0,Local (Known Contact),X730,Illawarra Shoalhaven,18450.0,Wollongong (C),WOONONA EAST,"RUSSELL VALE, WOONONA, WOONONA EAST",NSW,150.891169,-34.349362,4
1732,2020-03-27,2085.0,Local (Unknown Contact),X760,Northern Sydney,15990.0,Northern Beaches (A),DAVIDSON,"BELROSE, BELROSE WEST, DAVIDSON",NSW,151.211719,-33.728782,4
563,2020-03-27,2029.0,Local (Known Contact),X720,South Eastern Sydney,18500.0,Woollahra (A),ROSE BAY,ROSE BAY,NSW,151.266989,-33.875709,10
431,2020-03-27,2116.0,Local (Unknown Contact),X740,Western Sydney,16260.0,Parramatta (C),RYDALMERE,RYDALMERE,NSW,151.03694099999998,-33.814368,4
2613,2020-03-27,2292.0,Overseas,X800,Hunter New England,15900.0,Newcastle (C),HAMILTON NORTH,"BROADMEADOW, HAMILTON NORTH",NSW,151.740716,-32.931589,2
2670,2020-03-27,2372.0,Local (Unknown Contact),X800,Hunter New England,17400.0,Tenterfield (A),WYLIE CREEK,"BACK CREEK, BILLYRIMBA, BLACK SWAMP, BLUFF ROCK, BOLIVIA, BOOKOOKOORARA, BOONOO BOONOO, BOOROOK, BRYANS GAP, BUNGULLA, CARROLLS CREEK, CULLENDORE, DUMARESQ VALLEY, FOREST LAND, LISTON, MINGOOLA, MOLE RIVER, PYES CREEK, RIVERTREE, ROCKY RIVER, SANDY FLAT, SANDY HILL, SILENT GROVE, STEINBROOK, SUNNYSIDE, TARBAN, TENTERFIELD, THE SCRUB, TIMBARRA, WILLSONS DOWNFALL, WOODSIDE, WYLIE CREEK",NSW,151.999661,-29.083319,1
1930,2020-03-27,2427.0,Local (Unknown Contact),X800,Hunter New England,15240.0,Mid-Coast (A),HARRINGTON,"CROWDY HEAD, HARRINGTON",NSW,152.686583,-31.842318,3
2672,2020-03-27,2581.0,Overseas,X830,Southern NSW,17640.0,Upper Lachlan Shire (A),WOLLOGORANG,"BELLMOUNT FOREST, BEVENDALE, BIALA, BLAKNEY CREEK, BREADALBANE, BROADWAY, COLLECTOR, CULLERIN, DALTON, GUNNING, GURRUNDAH, LADE VALE, LAKE GEORGE, LERIDA, MERRILL, OOLONG, TALLAGANDA, WOLLOGORANG",NSW,149.286631,-34.764484,2
225,2020-03-27,2749.0,Local (Unknown Contact),X750,Nepean Blue Mountains,16350.0,Penrith (C),CRANEBROOK,"CASTLEREAGH, CRANEBROOK",NSW,150.686816,-33.702166999999996,7
1509,2020-03-27,2061.0,Overseas,X760,Northern Sydney,15950.0,North Sydney (A),MILSONS POINT,"KIRRIBILLI, MILSONS POINT",NSW,151.212372,-33.848785,3
1478,2020-03-27,2225.0,Overseas,X720,South Eastern Sydney,17150.0,Sutherland Shire (A),OYSTER BAY,"CARAVAN HEAD, OYSTER BAY",NSW,151.08789199999998,-33.997440999999995,3
2496,2020-03-27,2643.0,Overseas,X840,Murrumbidgee,12870.0,Federation (A),HOWLONG,HOWLONG,NSW,146.617535,-35.936556,2
2295,2020-03-27,2480.0,Interstate,X810,Northern NSW,14850.0,Lismore (C),WYRALLAH,"BACK CREEK, BENTLEY, BEXHILL, BLAKEBROOK, BLUE KNOB, BOAT HARBOUR, BOOERIE CREEK, BOORABEE PARK, BOOYONG, BUNGABBEE, CANIABA, CHILCOTTS GRASS, CLOVASS, CLUNES, COFFEE CAMP, CORNDALE, DORROUGHBY, DUNGARUBBA, DUNOON, EAST LISMORE, ELTHAM, EUREKA, FEDERAL, FERNSIDE, GEORGICA, GIRARDS HILL, GOOLMANGAR, GOONELLABAH, GUNDURIMBA, HOWARDS GRASS, JIGGI, KEERRONG, KOONORIGAN, LAGOON GRASS, LARNOOK, LEYCESTER, LILLIAN ROCK, LINDENDALE, LISMORE, LISMORE DC, LISMORE HEIGHTS, LOFTVILLE, MAROM CREEK, MCKEES HILL, MCLEANS RIDGES, MISSINGHAM, MODANVILLE, MONALTRIE, MOUNTAIN TOP, NIGHTCAP, NIMBIN, NORTH LISMORE, NUMULGI, REPENTANCE CREEK, RICHMOND HILL, ROCK VALLEY, ROSEBANK, RUTHVEN, SOUTH GUNDURIMBA, SOUTH LISMORE, STEVE KINGS PLAINS, STONY CHUTE, TERANIA CREEK, THE CHANNON, TREGEAGLE, TUCKI TUCKI, TUCKURIMBA, TULLERA, TUNCESTER, TUNTABLE CREEK, TUNTABLE FALLS, UPPER COOPERS CREEK, WHIAN WHIAN, WOODLAWN, WYRALLAH",NSW,153.25943,-28.706485999999998,5
2129,2020-03-27,2546.0,Overseas,X830,Southern NSW,12750.0,Eurobodalla (A),WALLAGA LAKE HEIGHTS,"AKOLELE, BARRAGGA BAY, BEAUTY POINT, BERMAGUI, BERMAGUI SOUTH, CENTRAL TILBA, CORUNNA, CUTTAGEE, DALMENY, DIGNAMS CREEK, GREENDALE, KIANGA, MURRAH, MYSTERY BAY, NAROOMA, NORTH NAROOMA, TILBA TILBA, TINPOT, WADBILLIGA, WALLAGA LAKE, WALLAGA LAKE HEIGHTS",NSW,150.225372,-36.25486,2
769,2020-03-27,2566.0,Overseas,X710,South Western Sydney,11500.0,Campbelltown (C) (NSW),VARROVILLE,"BOW BOWING, MINTO, MINTO DC, MINTO HEIGHTS, RABY, ST ANDREWS, VARROVILLE",NSW,150.84225800000002,-34.027283000000004,4
2265,2020-03-27,2530.0,Overseas,X730,Illawarra Shoalhaven,18450.0,Wollongong (C),YALLAH,"AVONDALE, BROWNSVILLE, CLEVELAND, DAPTO, DOMBARTON, HAYWARDS BAY, HORSLEY, HUNTLEY, KANAHOOKA, KOONAWARRA, MARSHALL MOUNT, WONGAWILLI, YALLAH",NSW,150.766132,-34.505410999999995,6
1691,2020-03-27,2528.0,Overseas,X730,Illawarra Shoalhaven,16900.0,Shellharbour (C),WINDANG,"BARRACK HEIGHTS, BARRACK POINT, LAKE ILLAWARRA, MOUNT WARRIGAL, WARILLA, WINDANG",NSW,150.85513500000002,-34.548722,8
2267,2020-03-27,2443.0,Overseas,X820,Mid North Coast,16380.0,Port Macquarie-Hastings (A),WEST HAVEN,"BOBS CREEK, CAMDEN HEAD, CORALVILLE, DEAUVILLE, DIAMOND HEAD, DICKS HILL, DUNBOGAN, HANNAM VALE, HERONS CREEK, JOHNS RIVER, LAKEWOOD, LAURIETON, MIDDLE BROTHER, MOORLAND, NORTH BROTHER, NORTH HAVEN, STEWARTS RIVER, WAITUI, WEST HAVEN",NSW,152.747152,-31.725436,2
1366,2020-03-27,2067.0,Local (Unknown Contact),X760,Northern Sydney,18250.0,Willoughby (C),CHATSWOOD WEST,"CHATSWOOD, CHATSWOOD WEST",NSW,151.17711,-33.798378,2
1634,2020-03-28,2768.0,Overseas,X740,Western Sydney,10750.0,Blacktown (C),STANHOPE GARDENS,"GLENWOOD, PARKLEA, STANHOPE GARDENS",NSW,150.922732,-33.737863,3
1591,2020-03-28,2518.0,Overseas,X730,Illawarra Shoalhaven,18450.0,Wollongong (C),TOWRADGI,"BELLAMBI, CORRIMAL, CORRIMAL EAST, EAST CORRIMAL, TARRAWANNA, TOWRADGI",NSW,150.886721,-34.373653999999995,4
1993,2020-03-28,2259.0,Overseas,X770,Central Coast,11650.0,Central Coast (C) (NSW),YARRAMALONG,"ALISON, BUSHELLS RIDGE, CEDAR BRUSH CREEK, CHAIN VALLEY BAY, CRANGAN BAY, DOORALONG, DURREN DURREN, FRAZER PARK, FREEMANS, GWANDALAN, HALLORAN, HAMLYN TERRACE, JILLIBY, KANWAL, KIAR, KINGFISHER SHORES, LAKE MUNMORAH, LEMON TREE, LITTLE JILLIBY, MANNERING PARK, MARDI, MOONEE, POINT WOLSTONCROFT, RAVENSDALE, ROCKY POINT, SOUTH TACOMA, SUMMERLAND POINT, TACOMA, TACOMA SOUTH, TUGGERAH, TUGGERAWONG, WADALBA, WALLARAH, WARNERVALE, WATANOBBI, WOONGARRAH, WYBUNG, WYEE, WYEE POINT, WYONG, WYONG CREEK, WYONGAH, YARRAMALONG",NSW,151.37721299999998,-33.208801,18
2163,2020-03-28,2092.0,Overseas,X760,Northern Sydney,15990.0,Northern Beaches (A),SEAFORTH,SEAFORTH,NSW,151.24181299999998,-33.796636,8
1607,2020-03-28,2100.0,Overseas,X760,Northern Sydney,15990.0,Northern Beaches (A),WARRINGAH MALL,"ALLAMBIE, ALLAMBIE HEIGHTS, BEACON HILL, BROOKVALE, NORTH MANLY, OXFORD FALLS, WARRINGAH MALL",NSW,151.257781,-33.766409,7
2106,2020-03-28,2536.0,Local (Unknown Contact),X830,Southern NSW,12750.0,Eurobodalla (A),WOODLANDS,"BATEHAVEN, BATEMANS BAY, BENANDARAH, BIMBIMBIE, BUCKENBOWRA, CATALINA, CURROWAN, DENHAMS BEACH, DEPOT BEACH, DURRAS NORTH, EAST LYNNE, GUERILLA BAY, JEREMADRA, LILLI PILLI, LONG BEACH, MALONEYS BEACH, MALUA BAY, MERRICUMBENE, MOGO, MURRENGENBURG, NELLIGEN, NORTH BATEMANS BAY, PEBBLY BEACH, ROSEDALE, RUNNYFORD, SOUTH DURRAS, SUNSHINE BAY, SURF BEACH, SURFSIDE, WOODLANDS",NSW,150.125945,-35.671271999999995,6
2068,2020-03-28,2291.0,Overseas,X800,Hunter New England,15900.0,Newcastle (C),THE JUNCTION,"MEREWETHER, MEREWETHER HEIGHTS, THE JUNCTION",NSW,151.742882,-32.951039,2
2414,2020-03-28,2330.0,Local (Known Contact),X800,Hunter New England,17000.0,Singleton (A),WYLIES FLAT,"APPLETREE FLAT, BIG RIDGE, BIG YENGO, BOWMANS CREEK, BRIDGMAN, BROKE, BULGA, CAMBERWELL, CARROWBROOK, CLYDESDALE, COMBO, DARLINGTON, DOYLES CREEK, DUNOLLY, DURAL, DYRRING, FALBROOK, FERN GULLY, FORDWICH, GARLAND VALLEY, GLENDON, GLENDON BROOK, GLENDONBROOK, GLENNIES CREEK, GLENRIDDING, GOORANGOOLA, GOULDSVILLE, GOWRIE, GREENLANDS, HAMBLEDON HILL, HEBDEN, HOWES VALLEY, HOWICK, HUNTERVIEW, JERRYS PLAINS, LEMINGTON, LONG POINT, MAISON DIEU, MCDOUGALLS HILL, MIDDLE FALBROOK, MILBRODALE, MIRANNIE, MITCHELLS FLAT, MOUNT OLIVE, MOUNT ROYAL, MOUNT THORLEY, OBANVALE, PUTTY, RAVENSWORTH, REDBOURNBERRY, REEDY CREEK, RIXS CREEK, ROUGHIT, SCOTTS FLAT, SEDGEFIELD, SINGLETON, SINGLETON DC, SINGLETON HEIGHTS, ST CLAIR, WARKWORTH, WATTLE PONDS, WESTBROOK, WHITTINGHAM, WOLLEMI, WYLIES FLAT",NSW,150.972137,-32.760486,3
1178,2020-03-28,2093.0,Overseas,X760,Northern Sydney,15990.0,Northern Beaches (A),NORTH BALGOWLAH,"BALGOWLAH, BALGOWLAH HEIGHTS, CLONTARF, MANLY VALE, NORTH BALGOWLAH",NSW,151.258069,-33.79315,11
1785,2020-03-28,2162.0,Local (Unknown Contact),X710,South Western Sydney,11570.0,Canterbury-Bankstown (A),SEFTON,"CHESTER HILL, SEFTON",NSW,151.004128,-33.88349,5
2683,2020-03-28,2482.0,Overseas,X810,Northern NSW,11350.0,Byron (A),WILSONS CREEK,"GOONENGERRY, HUONBROOK, KOONYUM RANGE, MAIN ARM, MONTECOLLUM, MULLUMBIMBY, MULLUMBIMBY CREEK, PALMWOODS, UPPER COOPERS CREEK, UPPER MAIN ARM, UPPER WILSONS CREEK, WANGANUI, WILSONS CREEK",NSW,153.432398,-28.547307,1
1225,2020-03-28,2160.0,Overseas,X740,Western Sydney,12380.0,Cumberland (A),MERRYLANDS WEST,"MERRYLANDS, MERRYLANDS WEST",NSW,150.976594,-33.835883,4
2439,2020-03-28,2850.0,Overseas,X850,Western NSW,15270.0,Mid-Western Regional (A),YARRAWONGA,"AARONS PASS, APPLE TREE FLAT, AVISFORD, BARA, BARIGAN, BEN BUCKLEY, BOCOBLE, BOMBIRA, BOTOBOLAR, BUCKAROO, BUDGEE BUDGEE, BURRUNDULLA, CAERLEON, CANADIAN LEAD, CARCALGONG, COLLINGWOOD, COOKS GAP, COOYAL, CROSS ROADS, CUDGEGONG, CULLENBONE, CUMBO, ERUDGERE, EURUNDEREE, FROG ROCK, GALAMBINE, GLEN AYR, GRATTAI, GREEN GULLY, GULGAMREE, HARGRAVES, HAVILAH, HAYES GAP, HILL END, HOME RULE, ILFORD, KAINS FLAT, LINBURN, LONG CREEK, LUE, MAITLAND BAR, MENAH, MEROO, MILLSVILLE, MILROY, MOGO, MONIVAE, MOOLARBEN, MOUNT FROME, MOUNT KNOWLES, MUDGEE, MULLAMUDDY, MUNGHORN, MURRAGAMBA, PIAMBONG, PUTTA BUCCA, PYRAMUL, QUEENS PINCH, RAZORBACK, RIVERLEA, RUNNING STREAM, SALLYS FLAT, SPRING FLAT, ST FILLANS, STONY CREEK, TAMBAROORA, TICHULAR, TOTNES VALLEY, TRIAMBLE, TURILL, TWELVE MILE, ULAN, ULLAMALLA, WILBETREE, WILPINJONG, WINDEYER, WOLLAR, WORLDS END, YARRABIN, YARRAWONGA",NSW,149.602925,-32.685033000000004,4
2682,2020-03-28,2711.0,Overseas,X840,Murrumbidgee,13850.0,Hay (A),YANGA,"BOOLIGAL, CARRATHOOL, CLARE, CORRONG, GUNBAR, HAY, HAY SOUTH, KERI KERI, MAUDE, ONE TREE, OXLEY, WAUGORAH, YANGA",NSW,143.7165416,-34.73951684,1
2126,2020-03-28,2038.0,Overseas,X700,Sydney,14170.0,Inner West (A),ANNANDALE,ANNANDALE,NSW,151.170165,-33.881624,4
2642,2020-03-28,2716.0,Overseas,X840,Murrumbidgee,15560.0,Murrumbidgee (A),MAIRJIMMY,"COREE SOUTH, FOUR CORNERS, GALA VALE, JERILDERIE, MABINS WELL, MAIRJIMMY",NSW,145.7454551,-35.48197899,3
2681,2020-03-28,2198.0,Overseas,X710,South Western Sydney,11570.0,Canterbury-Bankstown (A),GEORGES HALL,GEORGES HALL,NSW,150.986277,-33.908788,2
2087,2020-03-28,2620.0,Overseas,X830,Southern NSW,16490.0,Queanbeyan-Palerang Regional (A),YARROW,"BEARD, BURBONG, BURRA, CARWOOLA, CLEAR RANGE, CRESTWOOD, DODSWORTH, ENVIRONA, GOOGONG, GREENLEIGH, GUNDAROO, HUME, KARABAR, KOWEN FOREST, LETCHWORTH, MICHELAGO, OAKS ESTATE, QUEANBEYAN, QUEANBEYAN DC, QUEANBEYAN EAST, QUEANBEYAN WEST, RIDGEWAY, ROYALLA, SUTTON, THARWA, THE ANGLE, THE RIDGEWAY, TINDERRY, TOP NAAS, TRALEE, URILA, WAMBOIN, WILLIAMSDALE, YARROW",NSW,149.257101,-35.317402,5
2650,2020-03-28,2464.0,Overseas,X810,Northern NSW,11730.0,Clarence Valley (A),YURAYGIR,"ANGOURIE, FREEBURN ISLAND, MICALO ISLAND, WOOLOWEYAH, YAMBA, YURAYGIR",NSW,153.33175490000002,-29.53085664,2
2484,2020-03-28,2446.0,Local (Unknown Contact),X820,Mid North Coast,16380.0,Port Macquarie-Hastings (A),YIPPIN CREEK,"BAGNOO, BAGO, BANDA BANDA, BEECHWOOD, BELLANGRY, BIRDWOOD, BROMBIN, BYABARRA, CAIRNCROSS, CROSSLANDS, DEBENHAM, DOYLES RIVER, ELLENBOROUGH, FORBES RIVER, FRAZERS CREEK, GEARYS FLAT, HARTYS PLAINS, HOLLISDALE, HUNTINGDON, HYNDMANS CREEK, KINDEE, KING CREEK, LAKE INNES, LONG FLAT, LOWER PAPPINBARRA, MARLO MERRICAN, MORTONS CREEK, MOUNT SEAVIEW, PAPPINBARRA, PEMBROOKE, PIPECLAY, RAWDON ISLAND, REDBANK, ROSEWOOD, SANCROX, TOMS CREEK, UPPER PAPPINBARRA, WAUCHOPE, WERRIKIMBE, YARRAS, YIPPIN CREEK",NSW,152.466916,-31.387394,3
2082,2020-03-29,2340.0,Interstate,X800,Hunter New England,17310.0,Tamworth Regional (A),WOOLOMIN,"APPLEBY, BARRY, BECTIVE, BITHRAMERE, BOWLING ALLEY POINT, CALALA, CARROLL, DARUKA, DUNCANS CREEK, DUNGOWAN, EAST TAMWORTH, GAROO, GIDLEY, GOONOO GOONOO, GOWRIE, HALLSVILLE, HANGING ROCK, HILLVUE, KEEPIT, KINGSWOOD, LOOMBERAH, MOORE CREEK, NEMINGHA, NORTH TAMWORTH, NUNDLE, OGUNBIL, OXLEY VALE, PIALLAMORE, SOMERTON, SOUTH TAMWORTH, TAMINDA, TAMWORTH, TAMWORTH SOUTH, TIMBUMBURI, WALLAMORE, WARRAL, WEABONGA, WEST TAMWORTH, WESTDALE, WOOLOMIN",NSW,151.138322,-31.333592,11
1600,2020-03-29,2795.0,Overseas,X850,Western NSW,10470.0,Bathurst Regional (A),YETHOLME,"ABERCROMBIE, ABERCROMBIE RIVER, ARKELL, ARKSTONE, BALD RIDGE, BALLYROE, BATHAMPTON, BATHURST, BATHURST WEST, BILLYWILLINGA, BOX RIDGE, BREWONGLE, BRUINBUN, BURRAGA, CALOOLA, CHARLES STURT UNIVERSITY, CHARLTON, CLEAR CREEK, COLO, COPPERHANNIA, COW FLAT, CRUDINE, CURRAGH, DARK CORNER, DOG ROCKS, DUNKELD, DURAMANA, EGLINTON, ESSINGTON, EVANS PLAINS, FITZGERALDS VALLEY, FOREST GROVE, FOSTERS VALLEY, FREEMANTLE, GARTHOWEN, GEMALLA, GEORGES PLAINS, GILMANDYKE, GLANMIRE, GORMANS HILL, GOWAN, HOBBYS YARDS, ISABELLA, JEREMY, JUDDS CREEK, KELSO, KILLONGBUTTA, KIRKCONNELL, LAFFING WATERS, LIMEKILNS, LLANARTH, LOCKSLEY, MEADOW FLAT, MILKERS FLAT, MILLAH MURRAH, MITCHELL, MOORILDA, MOUNT DAVID, MOUNT PANORAMA, MOUNT RANKIN, NAPOLEON REEF, NEWBRIDGE, OCONNELL, O'CONNELL, ORTON PARK, PALING YARDS, PALMERS OAKY, PEEL, PERTHVILLE, RAGLAN, ROBIN HILL, ROCK FOREST, ROCKLEY, ROCKLEY MOUNT, SOFALA, SOUTH BATHURST, STEWARTS MOUNT, SUNNY CORNER, TAMBAROORA, TANNAS MOUNT, THE LAGOON, THE ROCKS, TRIANGLE FLAT, TRUNKEY, TRUNKEY CREEK, TURONDALE, TWENTY FORESTS, UPPER TURON, WALANG, WAMBOOL, WATTLE FLAT, WATTON, WEST BATHURST, WHITE ROCK, WIAGDON, WIMBLEDON, WINBURNDALE, WINDRADYNE, WISEMANS CREEK, YARRAS, YETHOLME",NSW,149.474401,-33.820797,9
2608,2020-03-29,2582.0,Overseas,X830,Southern NSW,18710.0,Yass Valley (A),YASS RIVER,"BANGO, BERREMANGRA, BOAMBOLO, BOOKHAM, BOWNING, BURRINJUCK, CAVAN, DOG TRAP CROSSING, GOOD HOPE, GOONDAH, JEIR, JERRAWA, KANGIARA, LAVERSTOCK, MANTON, MARCHMONT, MULLION, MURRUMBATEMAN, NANANGROE, NANIMA, NARRANGULLEN, TANGMANGAROO, WEE JASPER, WOOLGARLO, YASS, YASS RIVER",NSW,149.125192,-34.92659793,6
2686,2020-03-29,2578.0,Overseas,X710,South Western Sydney,18350.0,Wingecarribee (A),BUNDANOON,BUNDANOON,NSW,150.293226,-34.715579,1
1485,2020-03-29,2535.0,Overseas,X730,Illawarra Shoalhaven,16950.0,Shoalhaven (C),WOODHILL,"BACK FOREST, BELLAWONGARAH, BERRY, BERRY MOUNTAIN, BROGERS CREEK, BROUGHTON, BROUGHTON VALE, BUDDEROO, BUNDEWALLAH, COOLANGATTA, FAR MEADOW, JASPERS BRUSH, SHOALHAVEN HEADS, WATTAMOLLA, WOODHILL",NSW,150.678303,-34.762116,7
2618,2020-03-29,2445.0,Overseas,X820,Mid North Coast,16380.0,Port Macquarie-Hastings (A),LAKE CATHIE,"BONNY HILLS, GRANTS BEACH, JOLLY NOSE, LAKE CATHIE",NSW,152.820899,-31.583037,3
2684,2020-03-29,2063.0,Overseas,X760,Northern Sydney,18250.0,Willoughby (C),NORTHBRIDGE,NORTHBRIDGE,NSW,151.214797,-33.812636,1
252,2020-03-29,2042.0,Local (Known Contact),X700,Sydney,17200.0,Sydney (C),NEWTOWN,"ENMORE, NEWTOWN",NSW,151.175354,-33.900649,8
2598,2020-03-29,2138.0,Local (Unknown Contact),X700,Sydney,11520.0,Canada Bay (A),RHODES,"CONCORD WEST, CONCORD WEST DC, LIBERTY GROVE, RHODES",NSW,151.086036,-33.846098,3
1812,2020-03-29,2194.0,Overseas,X700,Sydney,11570.0,Canterbury-Bankstown (A),CAMPSIE,CAMPSIE,NSW,151.101777,-33.917601,4
2259,2020-03-29,2094.0,Overseas,X760,Northern Sydney,15990.0,Northern Beaches (A),FAIRLIGHT,FAIRLIGHT,NSW,151.27324199999998,-33.795227000000004,5
2694,2020-03-29,2319.0,Overseas,X800,Hunter New England,16400.0,Port Stephens (A),TILLIGERRY CREEK,"LEMON TREE PASSAGE, MALLABULA, TANILBA BAY, TILLIGERRY CREEK",NSW,151.990451,-32.75944213,1
2685,2020-03-29,2642.0,Overseas,X840,Murrumbidgee,13340.0,Greater Hume Shire (A),YERONG CREEK,"BIDGEEMIA, BROCKLESBY, BURRUMBUTTOCK, GEEHI, GEROGERY, GLENELLEN, GREG GREG, INDI, JAGUMBA, JAGUNGAL WILDERNESS, JINDERA, JINGELLIC, KHANCOBAN, MURRAY GORGE, RAND, TOOMA, WALBUNDRIE, WELAREGANG, WRATHALL, YERONG CREEK",NSW,148.094043,-36.044097,1
1808,2020-03-29,2305.0,Overseas,X800,Hunter New England,15900.0,Newcastle (C),NEW LAMBTON HEIGHTS,"KOTARA EAST, NEW LAMBTON, NEW LAMBTON HEIGHTS",NSW,151.706545,-32.930221,6
2464,2020-03-30,2650.0,Overseas,X840,Murrumbidgee,17750.0,Wagga Wagga (C),YATHELLA,"ALFREDTOWN, ASHMONT, BELFRAYDEN, BERRY JERRY, BIG SPRINGS, BOMEN, BOOK BOOK, BOOROOMA, BORAMBOLA, BOURKELANDS, BRUCEDALE, BULGARY, BURRANDANA, CARABOST, CARTWRIGHTS HILL, COLLINGULLIE, COOKARDINIA, COURSING PARK, CURRAWANANNA, CURRAWARNA, DHULURA, DOWNSIDE, EAST WAGGA WAGGA, ESTELLA, EUBERTA, EUNANOREENYA, EUNONOREENYA, GALORE, GELSTON PARK, GLENFIELD PARK, GOBBAGOMBALIN, GREGADOO, HAREFIELD, HILLGROVE, KOORINGAL, KYEAMBA, LAKE ALBERT, LLOYD, MAXWELL, MOORONG, MOUNT AUSTIN, NORTH WAGGA WAGGA, OBERNE CREEK, OURA, PULLETOP, ROWAN, SAN ISIDORE, SPRINGVALE, TATTON, THE GAP, TOLLAND, TURVEY PARK, WAGGA WAGGA, WAGGA WAGGA BC, WAGGA WAGGA NORTH, WAGGA WAGGA SOUTH, WALLACETOWN, WANTABADGERY, WESTBY, WESTDALE, YARRAGUNDRY, YATHELLA",NSW,147.376202,-35.07459,10
2669,2020-03-30,2081.0,Overseas,X760,Northern Sydney,14000.0,Hornsby (A),COWAN,"BEROWRA, COWAN",NSW,151.150498,-33.619756,2
2372,2020-03-30,2050.0,Overseas,X700,Sydney,17200.0,Sydney (C),MISSENDEN ROAD,"CAMPERDOWN, MISSENDEN ROAD",NSW,151.17598,-33.890370000000004,5
276,2020-03-30,2580.0,Overseas,X830,Southern NSW,13310.0,Goulburn Mulwaree (A),YARRA,"BANNABY, BANNISTER, BAW BAW, BOXERS CREEK, BRISBANE GROVE, BUNGONIA, CARRICK, CHATSBURY, CURRAWANG, CURRAWEELA, GOLSPIE, GOULBURN, GOULBURN DC, GOULBURN NORTH, GREENWICH PARK, GUNDARY, JERRONG, KINGSDALE, KOMUNGLA, LAKE BATHURST, LEIGHWOOD, LOWER BORO, MAYFIELD, MCALISTER, MIDDLE ARM, MOUNT FAIRY, MOUNT RAE, MUMMEL, MYRTLEVILLE, PALING YARDS, PARKESBOURNE, POMEROY, QUIALIGO, RICHLANDS, ROSLYN, RUN-O-WATERS, SIX MILE FLAT, SPRING VALLEY, STONEQUARRY, TARAGO, TARALGA, TARLO, TIRRANNAVILLE, TOWRANG, WAYO, WIABOROUGH, WIARBOROUGH, WINDELLAMA, WOMBEYAN CAVES, WOODHOUSELEE, WOWAGIN, YALBRAITH, YARRA",NSW,149.72921499999998,-34.726283,8
2699,2020-03-30,2628.0,Overseas,X830,Southern NSW,17040.0,Snowy Monaro Regional (A),SNOWY PLAIN,"AVONSIDE, BELOKA, BERRIDALE, BRAEMAR BAY, BYADBO WILDERNESS, COOTRALANTRA, DALGETY, EUCUMBENE, LOWER EUCEMBENE, NUMBLA VALE, PAUPONG, ROCKY PLAIN, SNOWY PLAIN",NSW,148.83351100000002,-36.404324,1
2700,2020-03-30,2470.0,Overseas,X810,Northern NSW,16610.0,Richmond Valley (A),YORKLEA,"ALICE, BABYL CREEK, BACKMEDE, BARAIMAL, CASINO, COOLANESS, COOMBELL, DOBIES BIGHT, DOUBTFUL CREEK, DYRAABA, DYRAABA CENTRAL, DYRAABA CREEK, ELLANGOWAN, FAIRY HILL, IRVINGTON, LEEVILLE, LOWER DYRAABA, MONGOGARIE, NAUGHTONS GAP, NORTH CASINO, PIORA, SEXTONVILLE, SHANNON BROOK, SPRING GROVE, STRATHEDEN, TOMKI, UPPER MONGOGARIE, WOODVIEW, WOOLNERS ARM, WOOROOWOOLGAN, YORKLEA",NSW,152.749759,-28.92786,1
2701,2020-03-30,2700.0,Overseas,X840,Murrumbidgee,15800.0,Narrandera (A),WIDGIEWA,"BIRREGO, BUNDURE, COLINROOBIE, COROBIMILLA, CUDGEL, EUROLEY, FAITHFULL, GILLENBAH, KYWONG, MORUNDAH, NARRANDERA, PAYNTERS SIDING, SANDIGO, UROLY, WIDGIEWA",NSW,146.303599,-34.902108,1
1647,2020-03-30,2199.0,Local (Unknown Contact),X710,South Western Sydney,11570.0,Canterbury-Bankstown (A),YAGOONA WEST,"YAGOONA, YAGOONA WEST",NSW,151.023171,-33.905586,11
1791,2020-03-30,2203.0,Overseas,X700,Sydney,14170.0,Inner West (A),DULWICH HILL,DULWICH HILL,NSW,151.138999,-33.90441,3
1889,2020-03-30,2197.0,Overseas,X710,South Western Sydney,11570.0,Canterbury-Bankstown (A),BASS HILL,BASS HILL,NSW,150.998155,-33.901198,4
699,2020-03-30,2021.0,Local (Known Contact),X720,South Eastern Sydney,18500.0,Woollahra (A),PADDINGTON,"CENTENNIAL PARK, MOORE PARK, PADDINGTON",NSW,151.227236,-33.895705,23
421,2020-03-30,2777.0,Overseas,X750,Nepean Blue Mountains,10900.0,Blue Mountains (C),YELLOW ROCK,"HAWKESBURY HEIGHTS, SPRINGWOOD, SUN VALLEY, VALLEY HEIGHTS, WINMALEE, YELLOW ROCK",NSW,150.587962,-33.692534,5
2696,2020-03-30,2537.0,Local (Known Contact),X830,Southern NSW,12750.0,Eurobodalla (A),WAMBAN,"BERGALIA, BINGIE, BROULEE, COILA, CONGO, DEUA, DEUA RIVER VALLEY, KIORA, MERINGO, MOGENDOURA, MORUYA, MORUYA HEADS, MOSSY POINT, TOMAKIN, TURLINJAH, TUROSS HEAD, WAMBAN",NSW,149.912199,-35.939648999999996,2
1377,2020-03-30,2577.0,Overseas,X710,South Western Sydney,18350.0,Wingecarribee (A),YARRUNGA,"AVOCA, BARREN GROUNDS, BARRENGARRY, BEAUMONT, BELANGLO, BENDEELA, BERRIMA, BUDGONG, BURRAWANG, CALWALLA, CANYONLEIGH, CARRINGTON FALLS, FITZROY FALLS, KANGAROO VALLEY, KNIGHTS HILL, MACQUARIE PASS, MANCHESTER SQUARE, MEDWAY, MERYLA, MOSS VALE, MOUNT MURRAY, MYRA VALE, NEW BERRIMA, PADDYS RIVER, PHEASANT GROUND, RED ROCKS, ROBERTSON, SUTTON FOREST, UPPER KANGAROO RIVER, UPPER KANGAROO VALLEY, WERAI, WILDES MEADOW, YARRUNGA",NSW,150.410978,-34.595027,5
2374,2020-03-31,2154.0,Overseas,X740,Western Sydney,17420.0,The Hills Shire (A),CASTLE HILL,CASTLE HILL,NSW,151.000948,-33.73238,2
2530,2020-03-31,2646.0,Overseas,X840,Murrumbidgee,12870.0,Federation (A),SAVERNAKE,"BALLDALE, BULL PLAIN, BURAJA, COADS TANK, COLLENDINA, COREEN, COROWA, DAYSDALE, GOOMBARGANA, HOPEFIELD, LOWESDALE, MERTON VALE, NYORA, OAKLANDS, REDLANDS, RENNIE, RINGWOOD, SANGER, SAVERNAKE",NSW,146.324523,-35.757569000000004,5
2115,2020-03-31,2147.0,Local (Unknown Contact),X740,Western Sydney,10750.0,Blacktown (C),SEVEN HILLS WEST,"KINGS LANGLEY, LALOR PARK, SEVEN HILLS, SEVEN HILLS WEST",NSW,150.93583600000002,-33.766075,8
259,2020-03-31,2087.0,Local (Known Contact),X760,Northern Sydney,15990.0,Northern Beaches (A),KILLARNEY HEIGHTS,"FORESTVILLE, KILLARNEY HEIGHTS",NSW,151.210531,-33.766093,6
2435,2020-03-31,2774.0,Local (Known Contact),X750,Nepean Blue Mountains,10900.0,Blue Mountains (C),WARRIMOO,"BLAXLAND, BLAXLAND EAST, MOUNT RIVERVIEW, WARRIMOO",NSW,150.62902,-33.732671,3
2326,2020-03-31,2515.0,Overseas,X730,Illawarra Shoalhaven,18450.0,Wollongong (C),WOMBARRA,"AUSTINMER, CLIFTON, COLEDALE, SCARBOROUGH, THIRROUL, WOMBARRA",NSW,150.9299,-34.300292999999996,6
2424,2020-03-31,2300.0,Overseas,X800,Hunter New England,15900.0,Newcastle (C),THE HILL,"BAR BEACH, COOKS HILL, NEWCASTLE, NEWCASTLE EAST, THE HILL",NSW,151.778021,-32.931635,4
2707,2020-03-31,2583.0,Overseas,X830,Southern NSW,17640.0,Upper Lachlan Shire (A),WHEEO,"BIGGA, BINDA, BLANKET FLAT, BROOKLANDS, COTTAWALLA, CROOKED CORNER, CROOKWELL, FULLERTON, GLENERIN, GRABBEN GULLEN, GREENMANTLE, HADLEY, JUNCTION POINT, KEMPTON, KIALLA, LAGGAN, LIMERICK, LOST RIVER, MULGOWRIE, NARRAWA, PEELWOOD, PEJAR, RUGBY, THALABA, THIRD CREEK, TUENA, WHEEO",NSW,149.25416299999998,-34.196526,2
2706,2020-03-31,2358.0,Overseas,X800,Hunter New England,17650.0,Uralla (A),YARROWYCK,"ARDING, BAKERS CREEK, BALALA, GOSTWYCK, KINGSTOWN, MIHI, ROCKY RIVER, SALISBURY PLAINS, TORRYBURN, URALLA, YARROWYCK",NSW,151.297519,-30.540297,1
2602,2020-03-31,2420.0,Overseas,X800,Hunter New England,12700.0,Dungog (A),WIRRAGULLA,"ALISON, BANDON GROVE, BENDOLBA, BROOKFIELD, BROWNMORE, CAMBRA, CHICHESTER, DINGADEE, DUNGOG, DUSODIE, FLAT TOPS, FOSTERTON, HANLEYS CREEK, HILLDALE, MAIN CREEK, MARSHDALE, MARTINS CREEK, MUNNI, SALISBURY, STROUD HILL, SUGARLOAF, TABBIL CREEK, TILLEGRA, UNDERBANK, UPPER CHICHESTER, WALLARINGA, WALLAROBBA, WIRRAGULLA",NSW,151.7352991,-32.45415227,2
152,2020-03-31,2158.0,Overseas,X760,Northern Sydney,17420.0,The Hills Shire (A),ROUND CORNER,"DURAL, DURAL DC, MIDDLE DURAL, ROUND CORNER",NSW,151.040358,-33.690331,3
1586,2020-03-31,2540.0,Overseas,X730,Illawarra Shoalhaven,16950.0,Shoalhaven (C),YERRIYONG,"BAMARANG, BARRINGELLA, BASIN VIEW, BEECROFT PENINSULA, BERRARA, BEWONG, BOLONG, BOOLIJAH, BREAM BEACH, BROWNS MOUNTAIN, BRUNDEE, BUANGLA, BURRIER, CALLALA BAY, CALLALA BEACH, CAMBEWARRA, CAMBEWARRA VILLAGE, COMBERTON, COMERONG ISLAND, CUDMIRRAH, CULBURRA BEACH, CURRARONG, EROWAL BAY, ETTREMA, FALLS CREEK, GREENWELL POINT, HMAS ALBATROSS, HMAS CRESWELL, HUSKISSON, HYAMS BEACH, ILLAROO, JERRAWANGALA, JERVIS BAY, KINGHORNE, LONGREACH, MAYFIELD, MEROO MEADOW, MONDAYONG, MOOLLATTOO, MUNDAMIA, MYOLA, NOWRA HILL, NOWRA NAVAL PO, NUMBAA, OLD EROWAL BAY, ORIENT POINT, PARMA, PYREE, SANCTUARY POINT, ST GEORGES BASIN, SUSSEX INLET, SWANHAVEN, TALLOWAL, TAPITALLEE, TERARA, TOMERONG, TULLARWALLA, TWELVE MILE PEG, VINCENTIA, WANDANDIAN, WATERSLEIGH, WOLLUMBOOLA, WOOLLAMIA, WORRIGEE, WORROWING HEIGHTS, WRIGHTS BEACH, YALWAL, YERRIYONG",NSW,150.61643999999998,-34.863483,9
677,2020-03-31,2257.0,Local (Known Contact),X770,Central Coast,11650.0,Central Coast (C) (NSW),WAGSTAFFE,"BOOKER BAY, BOX HEAD, DALEYS POINT, EMPIRE BAY, ETTALONG BEACH, HARDYS BAY, KILLCARE, KILLCARE HEIGHTS, PRETTY BEACH, ST HUBERTS ISLAND, UMINA BEACH, WAGSTAFFE",NSW,151.374403,-33.520358,9
149,2020-03-31,2196.0,Local (Known Contact),X700,Sydney,11570.0,Canterbury-Bankstown (A),ROSELANDS,"PUNCHBOWL, ROSELANDS",NSW,151.057799,-33.930089,4
2610,2020-03-31,2440.0,Local (Known Contact),X820,Mid North Coast,14350.0,Kempsey (A),YESSABAH,"ALDAVILLA, AUSTRAL EDEN, BELLBROOK, BELLIMBOPINNI, BELMORE RIVER, BURNT BRIDGE, CARRAI, CLYBUCCA, COLLOMBATTI, COMARA, CORANGULA, CRESCENT HEAD, DEEP CREEK, DONDINGALONG, EAST KEMPSEY, EUROKA, FREDERICKTON, GEORGES CREEK, GLADSTONE, GREENHILL, GREENHILLS, HAMPDEN HALL, HAT HEAD, HICKEYS CREEK, KEMPSEY, KINCHELA, LOWER CREEK, MILLBANK, MOONEBA, MOPARRABAH, MUNGAY CREEK, OLD STATION, POLA CREEK, RAINBOW REACH, SEVEN OAKS, SHERWOOD, SKILLION FLAT, SMITHTOWN, SOUTH KEMPSEY, SUMMER ISLAND, TEMAGOG, TOOROOKA, TURNERS FLAT, VERGES CREEK, WEST KEMPSEY, WILLAWARRIN, WILLI WILLI, WITTITRIN, YARRAVEL, YESSABAH",NSW,153.019648,-30.375790999999996,2
2714,2020-03-31,2713.0,Overseas,X840,Murrumbidgee,10650.0,Berrigan (A),RETREAT,"BLIGHTY, FINLEY, LOGIE BRAE, MYRTLE PARK, RETREAT",NSW,145.52068,-35.586342,1
1838,2020-03-31,2150.0,Overseas,X740,Western Sydney,16260.0,Parramatta (C),PARRAMATTA WESTFIELD,"HARRIS PARK, PARRAMATTA, PARRAMATTA WESTFIELD",NSW,151.006506,-33.814463,4
1834,2020-03-31,2759.0,Overseas,X750,Nepean Blue Mountains,16350.0,Penrith (C),ST CLAIR,"ERSKINE PARK, ST CLAIR",NSW,150.781767,-33.822520000000004,8
1723,2020-03-31,2251.0,Overseas,X770,Central Coast,11650.0,Central Coast (C) (NSW),YATTALUNGA,"AVOCA BEACH, BENSVILLE, BOUDDI, COPACABANA, DAVISTOWN, GREEN POINT, KINCUMBER, KINCUMBER SOUTH, MACMASTERS BEACH, PICKETTS VALLEY, SARATOGA, YATTALUNGA",NSW,151.401999,-33.482209000000005,18
1706,2020-03-31,2444.0,Overseas,X820,Mid North Coast,16380.0,Port Macquarie-Hastings (A),THRUMSTER,"BLACKMANS POINT, FERNBANK CREEK, FLYNNS BEACH, LIGHTHOUSE BEACH, LIMEBURNERS CREEK, NORTH SHORE, PORT MACQUARIE, PORT MACQUARIE BC, RIVERSIDE, SETTLEMENT CITY, THE HATCH, THRUMSTER",NSW,152.87253,-31.439614000000002,15
2583,2020-03-31,2178.0,Overseas,X710,South Western Sydney,16350.0,Penrith (C),MOUNT VERNON,"CECIL PARK, KEMPS CREEK, MOUNT VERNON",NSW,150.838225,-33.87478,2
1111,2020-03-31,2760.0,Local (Unknown Contact),X750,Nepean Blue Mountains,16350.0,Penrith (C),ST MARYS SOUTH,"COLYTON, NORTH ST MARYS, OXLEY PARK, ROPES CROSSING, ST MARYS, ST MARYS EAST, ST MARYS SOUTH",NSW,150.780073,-33.763976,8
1011,2020-03-31,2325.0,Overseas,X800,Hunter New England,11720.0,Cessnock (C),YENGO NATIONAL PARK,"ABERDARE, ABERNETHY, BELLBIRD, BELLBIRD HEIGHTS, BOREE, CEDAR CREEK, CESSNOCK, CESSNOCK WEST, CONGEWAI, CORRABARE, DAIRY ARM, ELLALONG, ELRINGTON, FERNANCES CROSSING, GRETA MAIN, KEARSLEY, KITCHENER, LAGUNA, LOVEDALE, MILLFIELD, MOOTAI, MORUBEN, MOUNT VIEW, MURRAYS RUN, NARONE CREEK, NULKABA, OLNEY, PAXTON, PAYNES CROSSING, PELTON, QUORROBOLONG, SWEETMANS CREEK, WATAGAN, WOLLOMBI, YALLAMBIE, YENGO NATIONAL PARK",NSW,150.9115105,-33.01498358,20
741,2020-03-31,2230.0,Local (Unknown Contact),X720,South Eastern Sydney,17150.0,Sutherland Shire (A),WOOLOOWARE,"BUNDEENA, BURRANEER, CRONULLA, GREENHILLS BEACH, MAIANBAR, WOOLOOWARE",NSW,151.136596,-34.093213,24
2639,2020-03-31,2483.0,Overseas,X810,Northern NSW,11350.0,Byron (A),YELGUN,"BILLINUDGEL, BRUNSWICK HEADS, BURRINGBAR, CRABBES CREEK, MIDDLE POCKET, MOOBALL, NEW BRIGHTON, OCEAN SHORES, SLEEPY HOLLOW, SOUTH GOLDEN BEACH, THE POCKET, UPPER BURRINGBAR, WOOYUNG, YELGUN",NSW,153.494236,-28.461128000000002,6
2060,2020-03-31,2548.0,Overseas,X830,Southern NSW,10550.0,Bega Valley (A),YELLOW PINCH,"BERRAMBOOL, BOURNDA, MERIMBULA, MIRADOR, TURA BEACH, YELLOW PINCH",NSW,149.894825,-36.860723,8
2071,2020-03-31,2565.0,Local (Known Contact),X710,South Western Sydney,11500.0,Campbelltown (C) (NSW),MACQUARIE LINKS,"BARDIA, DENHAM COURT, INGLEBURN, MACQUARIE LINKS",NSW,150.843761,-33.996063,3
1954,2020-03-31,2315.0,Local (Unknown Contact),X800,Hunter New England,16400.0,Port Stephens (A),SHOAL BAY,"CORLETTE, FINGAL BAY, GAN GAN, NELSON BAY, SHOAL BAY",NSW,152.193698,-32.746224,9
2715,2020-03-31,2265.0,Overseas,X800,Hunter New England,14650.0,Lake Macquarie (C),MARTINSVILLE,"COORANBONG, MARTINSVILLE",NSW,151.412119,-33.095552000000005,1
587,2020-04-01,2027.0,Overseas,X720,South Eastern Sydney,18500.0,Woollahra (A),POINT PIPER,"DARLING POINT, EDGECLIFF, HMAS RUSHCUTTERS, POINT PIPER",NSW,151.250494,-33.868972,7
2717,2020-04-01,2586.0,Overseas,X840,Murrumbidgee,13910.0,Hilltops (A),TAYLORS FLAT,"BOOROWA, FROGMORE, GOBA CREEK, GODFREYS CREEK, KENYU, MURRINGO, REIDS FLAT, RYE PARK, TAYLORS FLAT",NSW,148.79726399999998,-34.378631,2
1258,2020-04-01,2089.0,Local (Unknown Contact),X760,Northern Sydney,15950.0,North Sydney (A),NEUTRAL BAY JUNCTION,"KURRABA POINT, NEUTRAL BAY, NEUTRAL BAY JUNCTION",NSW,151.216869,-33.838021000000005,9
2551,2020-04-01,2284.0,Overseas,X800,Hunter New England,14650.0,Lake Macquarie (C),WOODRISING,"ARGENTON, BOOLAROO, BOORAGUL, MARMONG POINT, SPEERS POINT, TERALBA, WOODRISING",NSW,151.621183,-32.953236,2
2020,2020-04-01,2529.0,Local (Known Contact),X730,Illawarra Shoalhaven,16900.0,Shellharbour (C),SHELLHARBOUR SQUARE,"BALARANG, BLACKBUTT, DUNMORE, FLINDERS, OAK FLATS, OAK FLATS DC, SHELL COVE, SHELLHARBOUR, SHELLHARBOUR CITY CENTRE, SHELLHARBOUR SQUARE",NSW,150.84583999999998,-34.592433,8
2254,2020-04-01,2009.0,Local (Known Contact),X700,Sydney,17200.0,Sydney (C),PYRMONT,"DARLING ISLAND, PYRMONT",NSW,151.19305500000002,-33.871221999999996,8
1330,2020-04-01,2228.0,Local (Unknown Contact),X720,South Eastern Sydney,17150.0,Sutherland Shire (A),YOWIE BAY,"MIRANDA, YOWIE BAY",NSW,151.101564,-34.037692,5
1074,2020-04-01,2034.0,Overseas,X720,South Eastern Sydney,16550.0,Randwick (C),SOUTH COOGEE,"COOGEE, SOUTH COOGEE",NSW,151.252171,-33.929096,9
2454,2020-04-01,2745.0,Overseas,X750,Nepean Blue Mountains,16350.0,Penrith (C),WALLACIA,"GLENMORE PARK, GREENDALE, LUDDENHAM, MULGOA, REGENTVILLE, WALLACIA",NSW,150.671487,-33.871340999999994,12
2277,2020-04-01,2477.0,Overseas,X810,Northern NSW,10250.0,Ballina (A),WOLLONGBAR,"ALSTONVALE, ALSTONVILLE, BAGOTVILLE, CABBAGE TREE ISLAND, DALWOOD, EAST WARDELL, GOAT ISLAND, LYNWOOD, MEERSCHAUM VALE, PEARCES CREEK, ROUS, ROUS MILL, TUCKOMBIL, URALBA, WARDELL, WOLLONGBAR",NSW,153.427314,-28.907675,4
2595,2020-04-01,2195.0,Local (Known Contact),X700,Sydney,11570.0,Canterbury-Bankstown (A),WILEY PARK,"LAKEMBA, LAKEMBA DC, WILEY PARK",NSW,151.07693899999998,-33.924525,2
2399,2020-04-01,2285.0,Overseas,X800,Hunter New England,14650.0,Lake Macquarie (C),MACQUARIE HILLS,"CAMERON PARK, CARDIFF, CARDIFF HEIGHTS, CARDIFF SOUTH, EDGEWORTH, GLENDALE, MACQUARIE HILLS",NSW,151.651095,-32.933305,3
8,2020-04-01,2121.0,Local (Unknown Contact),X760,Northern Sydney,16260.0,Parramatta (C),NORTH EPPING,"EPPING, NORTH EPPING",NSW,151.079919,-33.774145000000004,4
2525,2020-04-01,2758.0,Overseas,X750,Nepean Blue Mountains,13800.0,Hawkesbury (C),WHEENY CREEK,"BERAMBING, BILPIN, BLAXLANDS RIDGE, EAST KURRAJONG, KURRAJONG, KURRAJONG HEIGHTS, KURRAJONG HILLS, MOUNT TOMAH, MOUNTAIN LAGOON, THE DEVILS WILDERNESS, WHEENY CREEK",NSW,150.601824,-33.483614,4
1142,2020-04-01,2008.0,Local (Unknown Contact),X700,Sydney,17200.0,Sydney (C),GOLDEN GROVE,"CHIPPENDALE, DARLINGTON, GOLDEN GROVE",NSW,151.193858,-33.891146,4
472,2020-04-01,2064.0,Local (Unknown Contact),X760,Northern Sydney,18250.0,Willoughby (C),ARTARMON,ARTARMON,NSW,151.183801,-33.813209,4
1535,2020-04-01,2036.0,Local (Known Contact),X720,South Eastern Sydney,16550.0,Randwick (C),PORT BOTANY,"CHIFLEY, EASTGARDENS, HILLSDALE, LA PEROUSE, LITTLE BAY, MALABAR, MATRAVILLE, PHILLIP BAY, PORT BOTANY",NSW,151.237844,-33.969623999999996,10
1406,2020-04-01,2229.0,Local (Known Contact),X720,South Eastern Sydney,17150.0,Sutherland Shire (A),WARUMBUL,"CARINGBAH, CARINGBAH SOUTH, DOLANS BAY, LILLI PILLI, PORT HACKING, TAREN POINT, WARUMBUL",NSW,151.120091,-34.05494,15
12,2020-04-01,2071.0,Local (Known Contact),X760,Northern Sydney,14500.0,Ku-ring-gai (A),KILLARA,"EAST KILLARA, KILLARA",NSW,151.17173799999998,-33.761834,4
2342,2020-04-01,2211.0,Local (Known Contact),X710,South Western Sydney,11570.0,Canterbury-Bankstown (A),PADSTOW HEIGHTS,"PADSTOW, PADSTOW HEIGHTS",NSW,151.03221000000002,-33.961366,5
2719,2020-04-01,2166.0,Local (Known Contact),X710,South Western Sydney,12850.0,Fairfield (C),LANSVALE,"CABRAMATTA, CABRAMATTA WEST, CANLEY HEIGHTS, CANLEY VALE, LANSVALE",NSW,150.92937,-33.892738,1
2716,2020-04-01,2422.0,Local (Unknown Contact),X800,Hunter New England,15240.0,Mid-Coast (A),WOKO,"BACK CREEK, BAKERS CREEK, BARRINGTON, BARRINGTON TOPS, BAXTERS RIDGE, BELBORA, BERRICO, BINDERA, BOWMAN, BOWMAN FARM, BRETTI, BULLIAC, BUNDOOK, CALLAGHANS CREEK, CALLAGHANS CREEKS, COBARK, CONEAC, COPELAND, CORROBOREE FLAT, CRAVEN, CRAVEN PLATEAU, CURRICABARK, DEWITT, DOON AYRE, FAULKLAND, FORBESDALE, GANGAT, GIRO, GLEN WARD, GLOUCESTER, GLOUCESTER TOPS, INVERGORDON, KIA ORA, MARES RUN, MAUDVILLE, MERNOT, MOGRANI, MOGRANI CREEK, MOPPY, MOUNT PEERLESS, PITLOCHRY, RAWDON VALE, ROOKHURST, STRATFORD, TERREEL, TIBBUC, TITAATEE CREEK, TUGRABAKH, UPPER BOWMAN, WALLANBAH, WAPRA, WARDS RIVER, WAUKIVORY, WIRRADGURIE, WOKO",NSW,151.865806,-31.973082,1
509,2020-04-01,2769.0,Overseas,X740,Western Sydney,10750.0,Blacktown (C),THE PONDS,THE PONDS,NSW,150.9054927,-33.705464299999996,4
1436,2020-04-01,2095.0,Local (Known Contact),X760,Northern Sydney,15990.0,Northern Beaches (A),MANLY EAST,"MANLY, MANLY EAST",NSW,151.294675,-33.815482,20
515,2020-04-01,2765.0,Local (Known Contact),X740,Western Sydney,10750.0,Blacktown (C),VINEYARD,"BERKSHIRE PARK, BOX HILL, MARAYLYA, MARSDEN PARK, NELSON, OAKVILLE, RIVERSTONE, VINEYARD",NSW,150.86025800000002,-33.663002,6
1391,2020-04-02,2533.0,Overseas,X730,Illawarra Shoalhaven,14400.0,Kiama (A),SADDLEBACK MOUNTAIN,"BOMBO, CURRAMORE, JAMBEROO, JERRARA, KIAMA, KIAMA DOWNS, KIAMA HEIGHTS, MINNAMURRA, SADDLEBACK MOUNTAIN",NSW,150.75688300000002,-34.645377,7
2420,2020-04-02,2790.0,Overseas,X750,Nepean Blue Mountains,14870.0,Lithgow (C),WOLLANGAMBE,"BEN BULLEN, BLACKMANS FLAT, BOWENFELS, CLARENCE, COBAR PARK, CORNEY TOWN, CULLEN BULLEN, DOCTORS GAP, GANBENANG, GOOD FOREST, HAMPTON, HARTLEY, HARTLEY VALE, HASSANS WALLS, HERMITAGE FLAT, JENOLAN, JENOLAN CAVES, KANIMBLA, LIDSDALE, LITHGOW, LITHGOW DC, LITTLE HARTLEY, LITTLETON, LOWTHER, MARRANGAROO, MCKELLARS PARK, MORTS ESTATE, MOUNT LAMBIE, NEWNES, NEWNES PLATEAU, OAKY PARK, POTTERY ESTATE, RYDAL, SHEEDYS GULLY, SODWALLS, SOUTH BOWENFELS, SOUTH LITTLETON, SPRINGVALE, STATE MINE GULLY, VALE OF CLWYDD, WOLGAN VALLEY, WOLLANGAMBE",NSW,150.4413864,-33.34286524,3
2720,2020-04-02,2380.0,Local (Unknown Contact),X800,Hunter New England,13550.0,Gunnedah (A),RANGARI,"BASIN PLAIN, BLUE VALE, BURBURGATE, COOCOOBOONAH, EMERALD HILL, GHOOLENDAADI, GUNNEDAH, GUNNEMBENE, KELVIN, MARYS MOUNT, MEERMAUL, MILROY, NOGGABRI, ORANGE GROVE, RANGARI",NSW,150.199154,-31.046117,1
1151,2020-04-02,2041.0,Overseas,X700,Sydney,14170.0,Inner West (A),BIRCHGROVE,"BALMAIN, BALMAIN EAST, BIRCHGROVE",NSW,151.180095,-33.858556,9
334,2020-04-02,2076.0,Local (Unknown Contact),X760,Northern Sydney,14500.0,Ku-ring-gai (A),WAHROONGA,"NORMANHURST, NORTH WAHROONGA, WAHROONGA",NSW,151.108249,-33.723263,10
2710,2020-04-02,2829.0,Local (Unknown Contact),X850,Western NSW,12150.0,Coonamble (A),WINGADEE,"BILLEROY, COMBARA, CONIMBIA, COONAMBLE, GILGOOMA, GUNGALMAN, MAGOMETON, NEBEA, PINE GROVE, TERIDGERIE, TOOLOON, URAWILKIE, WINGADEE",NSW,148.28385880000002,-30.52197868,2
2501,2020-04-02,2223.0,Overseas,X720,South Eastern Sydney,12930.0,Georges River (A),OATLEY,"MORTDALE, OATLEY",NSW,151.07183700000002,-33.980264,3
2197,2020-04-02,2227.0,Overseas,X720,South Eastern Sydney,17150.0,Sutherland Shire (A),GYMEA BAY,"GYMEA, GYMEA BAY",NSW,151.085005,-34.04984,6
2723,2020-04-02,2748.0,Local (Unknown Contact),X750,Nepean Blue Mountains,16350.0,Penrith (C),ORCHARD HILLS,ORCHARD HILLS,NSW,150.72319,-33.811042,1
2581,2020-04-02,2780.0,Local (Known Contact),X750,Nepean Blue Mountains,10900.0,Blue Mountains (C),YOSEMITE,"KATOOMBA, KATOOMBA DC, LEURA, MEDLOW BATH, YOSEMITE",NSW,150.43563899999998,-33.832923,6
2698,2020-04-02,2880.0,Local (Unknown Contact),X860,Far West,11250.0,Broken Hill (C),TIBOOBURRA,"BROKEN HILL, BROKEN HILL NORTH, BROKEN HILL WEST, BROUGHAMS GATE, BURNS, CAMERON CORNER, EURIOWIE, FOWLERS GAP, KINALUNG, LITTLE TOPAR, MILPARINKA, MOUNT GIPPS, MUTAWINTJI, PACKSADDLE, SILVERTON, SOUTH BROKEN HILL, STEPHENS CREEK, TIBOOBURRA",NSW,142.203381,-30.170440999999997,2
2666,2020-04-02,2192.0,Local (Known Contact),X700,Sydney,11570.0,Canterbury-Bankstown (A),BELMORE,BELMORE,NSW,151.089663,-33.921018,4
1124,2020-04-02,2125.0,Overseas,X740,Western Sydney,17420.0,The Hills Shire (A),WEST PENNANT HILLS,WEST PENNANT HILLS,NSW,151.03180700000001,-33.752645,13
2003,2020-04-02,2060.0,Overseas,X760,Northern Sydney,15950.0,North Sydney (A),WAVERTON,"HMAS PLATYPUS, HMAS WATERHEN, LAVENDER BAY, MCMAHONS POINT, NORTH SYDNEY, NORTH SYDNEY SHOPPINGWORLD, WAVERTON",NSW,151.204557,-33.839863,10
202,2020-04-02,2090.0,Local (Unknown Contact),X760,Northern Sydney,15950.0,North Sydney (A),CREMORNE POINT,"CREMORNE, CREMORNE JUNCTION, CREMORNE POINT",NSW,151.223094,-33.828949,16
1089,2020-04-02,2112.0,Overseas,X760,Northern Sydney,16700.0,Ryde (C),RYDE,"DENISTONE EAST, PUTNEY, RYDE",NSW,151.10844699999998,-33.81658,10
2290,2020-04-02,2324.0,Overseas,X800,Hunter New England,16400.0,Port Stephens (A),WALLAROO,"BALICKERA, BRANDY HILL, BUNDABAH, CARRINGTON, CELLS RIVER, EAGLETON, EAST SEAHAM, HAWKS NEST, HEATHERBRAE, KARUAH, KINGS HILL, LIMEBURNERS CREEK, MILLERS FOREST, MOTTO FARM, NELSONS PLAINS, NORTH ARM COVE, OSTERLEY, PINDIMAR, RAYMOND TERRACE, RAYMOND TERRACE EAST, SEAHAM, SWAN BAY, TAHLEE, TEA GARDENS, TWELVE MILE CREEK, WALLAROO",NSW,152.332617,-32.623108,6
1079,2020-04-02,2151.0,Local (Known Contact),X740,Western Sydney,16260.0,Parramatta (C),NORTH ROCKS,"NORTH PARRAMATTA, NORTH ROCKS",NSW,151.01251100000002,-33.78709,5
2066,2020-04-03,2213.0,Overseas,X710,South Western Sydney,11570.0,Canterbury-Bankstown (A),PICNIC POINT,"EAST HILLS, PANANIA, PICNIC POINT",NSW,150.997836,-33.964102000000004,6
57,2020-04-03,2073.0,Local (Known Contact),X760,Northern Sydney,14500.0,Ku-ring-gai (A),WEST PYMBLE,"PYMBLE, WEST PYMBLE",NSW,151.130278,-33.757296000000004,5
2646,2020-04-03,2039.0,Local (Unknown Contact),X700,Sydney,14170.0,Inner West (A),ROZELLE,ROZELLE,NSW,151.17191499999998,-33.867187,5
1475,2020-04-03,2018.0,Local (Known Contact),X700,Sydney,17200.0,Sydney (C),ROSEBERY,"EASTLAKES, ROSEBERY",NSW,151.202697,-33.9233,11
291,2020-04-03,2144.0,Local (Unknown Contact),X740,Western Sydney,12380.0,Cumberland (A),AUBURN SOUTH,"AUBURN, AUBURN SOUTH",NSW,151.026756,-33.851867999999996,4
2155,2020-04-03,2262.0,Overseas,X770,Central Coast,11650.0,Central Coast (C) (NSW),SAN REMO,"BLUE HAVEN, BUDGEWOI, BUDGEWOI PENINSULA, BUFF POINT, COLONGRA, DOYALSON, DOYALSON NORTH, HALEKULANI, SAN REMO",NSW,151.528042,-33.209125,9
2705,2020-04-03,2714.0,Local (Known Contact),X840,Murrumbidgee,10650.0,Berrigan (A),TUPPAL,"ARATULA, PINE LODGE, TOCUMWAL, TUPPAL",NSW,145.434084,-35.76294,4
2284,2020-04-03,2016.0,Local (Unknown Contact),X700,Sydney,17200.0,Sydney (C),REDFERN,REDFERN,NSW,151.206211,-33.894912,7
636,2020-04-03,2120.0,Local (Unknown Contact),X760,Northern Sydney,14000.0,Hornsby (A),WESTLEIGH,"PENNANT HILLS, THORNLEIGH, WESTLEIGH",NSW,151.07359,-33.731105,13
2167,2020-04-03,2439.0,Overseas,X820,Mid North Coast,16380.0,Port Macquarie-Hastings (A),UPSALLS CREEK,"BATAR CREEK, BLACK CREEK, BOBS CREEK, HERONS CREEK, KENDALL, KEREWONG, KEW, LOGANS CROSSING, LORNE, ROSSGLEN, SWANS CROSSING, UPSALLS CREEK",NSW,152.652155,-31.654721999999996,4
1959,2020-04-03,2106.0,Local (Unknown Contact),X760,Northern Sydney,15990.0,Northern Beaches (A),NEWPORT BEACH,"NEWPORT, NEWPORT BEACH",NSW,151.314599,-33.660707,5
2722,2020-04-03,2334.0,Interstate,X800,Hunter New England,11720.0,Cessnock (C),GRETA,GRETA,NSW,151.385451,-32.728460999999996,2
2724,2020-04-03,2045.0,Overseas,X700,Sydney,14170.0,Inner West (A),HABERFIELD,HABERFIELD,NSW,151.138684,-33.879301,1
1885,2020-04-03,2500.0,Overseas,X730,Illawarra Shoalhaven,18450.0,Wollongong (C),WOLLONGONG WEST,"CONISTON, GWYNNEVILLE, KEIRAVILLE, MANGERTON, MOUNT KEIRA, MOUNT SAINT THOMAS, NORTH WOLLONGONG, SPRING HILL, WEST WOLLONGONG, WOLLONGONG, WOLLONGONG DC, WOLLONGONG NORTH, WOLLONGONG WEST",NSW,150.874294,-34.423171,15
176,2020-04-03,2122.0,Local (Known Contact),X760,Northern Sydney,16700.0,Ryde (C),MARSFIELD,"EASTWOOD, MARSFIELD",NSW,151.092072,-33.791357,24
1803,2020-04-03,2084.0,Overseas,X760,Northern Sydney,15990.0,Northern Beaches (A),TERREY HILLS,"AKUNA BAY, COTTAGE POINT, DUFFYS FOREST, TERREY HILLS",NSW,151.216929,-33.650999,3
539,2020-04-03,2204.0,Local (Unknown Contact),X700,Sydney,14170.0,Inner West (A),MARRICKVILLE SOUTH,"MARRICKVILLE, MARRICKVILLE METRO, MARRICKVILLE SOUTH",NSW,151.15553899999998,-33.912288000000004,9
427,2020-04-03,2117.0,Overseas,X740,Western Sydney,16260.0,Parramatta (C),TELOPEA,"DUNDAS, DUNDAS VALLEY, OATLANDS, TELOPEA",NSW,151.04218,-33.797127,6
1343,2020-04-03,2233.0,Local (Known Contact),X720,South Eastern Sydney,17150.0,Sutherland Shire (A),YARRAWARRAH,"ENGADINE, HEATHCOTE, WATERFALL, WORONORA HEIGHTS, YARRAWARRAH",NSW,151.027919,-34.114626,13
1923,2020-04-03,2131.0,Local (Known Contact),X700,Sydney,14170.0,Inner West (A),ASHFIELD,ASHFIELD,NSW,151.124008,-33.887602,11
2548,2020-04-03,2044.0,Local (Known Contact),X700,Sydney,14170.0,Inner West (A),TEMPE,"ST PETERS, ST PETERS DC, SYDENHAM, TEMPE",NSW,151.17074,-33.920698,8
2690,2020-04-04,2049.0,Local (Known Contact),X700,Sydney,14170.0,Inner West (A),PETERSHAM NORTH,"LEWISHAM, PETERSHAM, PETERSHAM NORTH",NSW,151.15085,-33.897219,4
1028,2020-04-04,2025.0,Overseas,X720,South Eastern Sydney,18500.0,Woollahra (A),WOOLLAHRA,WOOLLAHRA,NSW,151.240508,-33.888709999999996,15
1039,2020-04-04,2015.0,Overseas,X700,Sydney,17200.0,Sydney (C),EVELEIGH,"ALEXANDRIA, BEACONSFIELD, EVELEIGH",NSW,151.194825,-33.910105,11
2593,2020-04-04,2221.0,Local (Known Contact),X720,South Eastern Sydney,12930.0,Georges River (A),SOUTH HURSTVILLE,"BLAKEHURST, CARSS PARK, CONNELLS POINT, KYLE BAY, SOUTH HURSTVILLE",NSW,151.10599,-33.992159,3
1826,2020-04-04,2037.0,Local (Unknown Contact),X700,Sydney,17200.0,Sydney (C),GLEBE,"FOREST LODGE, GLEBE",NSW,151.184458,-33.880179,4
2537,2020-04-04,2263.0,Local (Known Contact),X770,Central Coast,11650.0,Central Coast (C) (NSW),TOUKLEY,"CANTON BEACH, CHARMHAVEN, GOROKAN, LAKE HAVEN, NORAH HEAD, NORAVILLE, TOUKLEY",NSW,151.556223,-33.285097,5
2417,2020-04-04,2299.0,Local (Known Contact),X800,Hunter New England,15900.0,Newcastle (C),NORTH LAMBTON,"JESMOND, LAMBTON, NORTH LAMBTON",NSW,151.70458100000002,-32.909816,3
1897,2020-04-04,2316.0,Local (Unknown Contact),X800,Hunter New England,16400.0,Port Stephens (A),TAYLORS BEACH,"ANNA BAY, BOAT HARBOUR, BOBS FARM, FISHERMANS BAY, ONE MILE, TAYLORS BEACH",NSW,152.083274,-32.776919,9
2518,2020-04-04,2866.0,Overseas,X850,Western NSW,11400.0,Cabonne (A),WARNECLIFFE,"AMAROO, BOOMEY, CUNDUMBUL, EUCHAREENA, GARRA, LARRAS LEE, MOLONG, THE SHADES, WARNECLIFFE",NSW,148.904531,-33.007264,3
505,2020-04-04,2065.0,Overseas,X760,Northern Sydney,14700.0,Lane Cove (A),WOLLSTONECRAFT,"CROWS NEST, CROWS NEST DC, GORE HILL, GREENWICH, NAREMBURN, ROYAL NORTH SHORE HOSPITAL, ST LEONARDS, WOLLSTONECRAFT",NSW,151.192212,-33.828361,21
1325,2020-04-04,2097.0,Local (Known Contact),X760,Northern Sydney,15990.0,Northern Beaches (A),WHEELER HEIGHTS,"COLLAROY, COLLAROY BEACH, COLLAROY PLATEAU, COLLAROY PLATEAU WEST, LONG REEF, WHEELER HEIGHTS",NSW,151.29789499999998,-33.739577000000004,13
1554,2020-04-04,2567.0,Overseas,X710,South Western Sydney,11450.0,Camden (A),SMEATON GRANGE,"CURRANS HILL, HARRINGTON PARK, MOUNT ANNAN, NARELLAN, NARELLAN DC, NARELLAN VALE, SMEATON GRANGE",NSW,150.756493,-34.055155,18
717,2020-04-04,2766.0,Overseas,X740,Western Sydney,10750.0,Blacktown (C),ROOTY HILL,"EASTERN CREEK, ROOTY HILL",NSW,150.850764,-33.810388,7
2309,2020-04-04,2282.0,Overseas,X800,Hunter New England,14650.0,Lake Macquarie (C),WARNERS BAY,"ELEEBANA, LAKELANDS, WARNERS BAY",NSW,151.651275,-32.987279,4
2345,2020-04-04,2156.0,Interstate,X740,Western Sydney,17420.0,The Hills Shire (A),KENTHURST,"ANNANGROVE, GLENHAVEN, KENTHURST",NSW,150.974528,-33.656984,3
287,2020-04-04,2040.0,Interstate,X700,Sydney,14170.0,Inner West (A),LILYFIELD,"LEICHHARDT, LILYFIELD",NSW,151.15681899999998,-33.878774,11
1130,2020-04-04,2141.0,Local (Known Contact),X740,Western Sydney,12380.0,Cumberland (A),ROOKWOOD,"BERALA, LIDCOMBE, LIDCOMBE NORTH, ROOKWOOD",NSW,151.044768,-33.872483,6
2006,2020-04-04,2190.0,Local (Unknown Contact),X710,South Western Sydney,11570.0,Canterbury-Bankstown (A),MOUNT LEWIS,"CHULLORA, GREENACRE, MOUNT LEWIS",NSW,151.05385800000002,-33.901925,3
2692,2020-04-04,2130.0,Overseas,X700,Sydney,14170.0,Inner West (A),SUMMER HILL,SUMMER HILL,NSW,151.135883,-33.892783,3
1351,2020-04-04,2104.0,Overseas,X760,Northern Sydney,15990.0,Northern Beaches (A),BAYVIEW,BAYVIEW,NSW,151.290921,-33.664921,2
2726,2020-04-04,2865.0,Overseas,X850,Western NSW,11400.0,Cabonne (A),MANILDRA,"BOCOBRA, GUMBLE, MANILDRA",NSW,148.684862,-33.213883,2
1618,2020-04-04,2101.0,Overseas,X760,Northern Sydney,15990.0,Northern Beaches (A),NORTH NARRABEEN,"ELANORA HEIGHTS, INGLESIDE, NARRABEEN, NARRABEEN PENINSULA, NORTH NARRABEEN",NSW,151.27114,-33.707117,9
1103,2020-04-04,2068.0,Overseas,X760,Northern Sydney,18250.0,Willoughby (C),WILLOUGHBY NORTH,"CASTLECRAG, MIDDLE COVE, NORTH WILLOUGHBY, WILLOUGHBY, WILLOUGHBY EAST, WILLOUGHBY NORTH",NSW,151.20271499999998,-33.800881,14
2727,2020-04-05,2179.0,Local (Known Contact),X710,South Western Sydney,14900.0,Liverpool (C),LEPPINGTON,"AUSTRAL, LEPPINGTON",NSW,150.81203100000002,-33.933109,1
2713,2020-04-05,2485.0,Local (Known Contact),X810,Northern NSW,17550.0,Tweed (A),TWEED HEADS WEST,"TWEED HEADS, TWEED HEADS WEST",NSW,153.526816,-28.184240999999997,3
2679,2020-04-05,2161.0,Local (Unknown Contact),X740,Western Sydney,12380.0,Cumberland (A),YENNORA,"GUILDFORD, GUILDFORD WEST, OLD GUILDFORD, YENNORA",NSW,150.983724,-33.858335,7
2539,2020-04-05,2644.0,Overseas,X840,Murrumbidgee,13340.0,Greater Hume Shire (A),YARARA,"BOWNA, COPPABELLA, HOLBROOK, LANKEYS CREEK, LITTLE BILLABONG, MOUNTAIN CREEK, MULLENGANDRA, WANTAGONG, WOOMARGAMA, YARARA",NSW,147.6488785,-35.72015098,2
2731,2020-04-05,2870.0,Overseas,X850,Western NSW,16200.0,Parkes (A),TICHBORNE,"ALECTOWN, BEARGAMIL, BINDOGUNDRA, BROLGAN, BUMBERRY, COOKAMIDGERA, COOKS MYALLS, DAROOBALGIE, GOOBANG, GOONUMBLA, KADINA, MANDAGERY, MICKIBRI, MUGINCOBLE, NANARDINE, PARKES, PARKESBOROUGH, SHALLOW RUSH, TICHBORNE",NSW,148.16818999999998,-33.035496,1
2732,2020-04-05,2452.0,Overseas,X820,Mid North Coast,11800.0,Coffs Harbour (C),TOORMINA,"BAYLDON, BOAMBEE EAST, SAWTELL, TOORMINA",NSW,153.08188,-30.357167999999998,1
2186,2020-04-05,2159.0,Overseas,X760,Northern Sydney,14000.0,Hornsby (A),GALSTON,"ARCADIA, BERRILEE, FIDDLETOWN, GALSTON",NSW,151.084146,-33.539148,3
2178,2020-04-05,2220.0,Local (Known Contact),X720,South Eastern Sydney,12930.0,Georges River (A),HURSTVILLE WESTFIELD,"HURSTVILLE, HURSTVILLE GROVE, HURSTVILLE WESTFIELD",NSW,151.101764,-33.966692,9
521,2020-04-05,2043.0,Under Investigation,X700,Sydney,17200.0,Sydney (C),ERSKINEVILLE,ERSKINEVILLE,NSW,151.184665,-33.903521000000005,4
2122,2020-04-05,2219.0,Local (Known Contact),X720,South Eastern Sydney,10500.0,Bayside (A),SANS SOUCI,"DOLLS POINT, SANDRINGHAM, SANS SOUCI",NSW,151.132495,-33.996587,7
530,2020-04-05,2800.0,Local (Known Contact),X850,Western NSW,16150.0,Orange (C),WINDERA,"AMMERDOWN, BELGRAVIA, BLETCHINGTON, BLOOMFIELD, BOREE, BORENORE, BOWEN, BYNG, CADIA, CALARE, CANOBOLAS, CARGO, CHEESEMANS CREEK, CLERGATE, CLIFTON GROVE, CRANBURY, CULLYA, EMU SWAMP, FOUR MILE CREEK, GLENROI, HUNTLEY, KALEENTHA, KANGAROOBIE, KERRS CREEK, LEWIS PONDS, LIDSTER, LONG POINT, LOWER LEWIS PONDS, LUCKNOW, MARCH, MULLION CREEK, NARRAMBLA, NASHDALE, OPHIR, ORANGE, ORANGE DC, ORANGE EAST, ORANGE MOULDER STREET, PANUARA, PINNACLE, SHADFORTH, SPRING CREEK, SPRING HILL, SPRINGSIDE, SUMA PARK, SUMMER HILL, SUMMER HILL CREEK, TOWAC, WALDEGRAVE, WARRENDINE, WINDERA",NSW,149.0191144,-33.20831682,9
2025,2020-04-05,2558.0,Local (Known Contact),X710,South Western Sydney,11500.0,Campbelltown (C) (NSW),KEARNS,"EAGLE VALE, ESCHOL PARK, KEARNS",NSW,150.799483,-34.031602,5
145,2020-04-05,2153.0,Overseas,X740,Western Sydney,17420.0,The Hills Shire (A),WINSTON HILLS,"BAULKHAM HILLS, BELLA VISTA, CRESTWOOD, WINSTON HILLS",NSW,150.955942,-33.731651,14
710,2020-04-05,2110.0,Overseas,X760,Northern Sydney,14100.0,Hunters Hill (A),WOOLWICH,"HUNTERS HILL, HUNTERS HILL WEST, WOOLWICH",NSW,151.149126,-33.836102000000004,10
1491,2020-04-05,2019.0,Local (Known Contact),X720,South Eastern Sydney,10500.0,Bayside (A),BOTANY,"BANKSMEADOW, BOTANY",NSW,151.207285,-33.946923,6
1372,2020-04-05,2069.0,Overseas,X760,Northern Sydney,14500.0,Ku-ring-gai (A),ROSEVILLE CHASE,"CASTLE COVE, ROSEVILLE, ROSEVILLE CHASE",NSW,151.195368,-33.780246000000005,6
1364,2020-04-05,2118.0,Overseas,X740,Western Sydney,16260.0,Parramatta (C),KINGSDENE,"CARLINGFORD, CARLINGFORD COURT, CARLINGFORD NORTH, KINGSDENE",NSW,151.043518,-33.775596,7
1046,2020-04-05,2224.0,Overseas,X720,South Eastern Sydney,17150.0,Sutherland Shire (A),SYLVANIA WATERS,"KANGAROO POINT, SYLVANIA, SYLVANIA SOUTHGATE, SYLVANIA WATERS",NSW,151.101891,-34.01362,7
1292,2020-04-05,2250.0,Overseas,X770,Central Coast,11650.0,Central Coast (C) (NSW),WYOMING,"BUCKETTY, CALGA, CENTRAL MANGROVE, DONOVANS FOREST, EAST GOSFORD, ERINA, ERINA FAIR, GLENWORTH VALLEY, GOSFORD, GOSFORD WEST, GREENGROVE, HOLGATE, KARIONG, KULNURA, LISAROW, LOWER MANGROVE, MANGROVE CREEK, MANGROVE MOUNTAIN, MATCHAM, MOONEY MOONEY CREEK, MOUNT ELLIOT, MOUNT WHITE, NARARA, NIAGARA PARK, NORTH GOSFORD, PEATS RIDGE, POINT CLARE, POINT FREDERICK, SOMERSBY, SPRINGFIELD, TASCOTT, TEN MILE HOLLOW, UPPER MANGROVE, WENDOREE PARK, WEST GOSFORD, WYOMING",NSW,151.189243,-33.325373,34
52,2020-04-05,2010.0,Local (Unknown Contact),X720,South Eastern Sydney,17200.0,Sydney (C),TAYLOR SQUARE,"DARLINGHURST, SURRY HILLS, TAYLOR SQUARE",NSW,151.212262,-33.884119,30
2205,2020-04-05,2205.0,Local (Known Contact),X720,South Eastern Sydney,10500.0,Bayside (A),WOLLI CREEK,"ARNCLIFFE, TURRELLA, WOLLI CREEK",NSW,151.147956,-33.937551,8
1064,2020-04-05,2576.0,Local (Known Contact),X710,South Western Sydney,18350.0,Wingecarribee (A),KANGALOON,"BONG BONG, BOWRAL, BURRADOO, EAST BOWRAL, EAST KANGALOON, GLENQUARRY, KANGALOON",NSW,150.503502,-34.525612,9
324,2020-04-05,2011.0,Local (Known Contact),X720,South Eastern Sydney,17200.0,Sydney (C),WOOLLOOMOOLOO,"ELIZABETH BAY, HMAS KUTTABUL, KINGS CROSS, POTTS POINT, RUSHCUTTERS BAY, WOOLLOOMOOLOO",NSW,151.22162600000001,-33.873599,28
2246,2020-04-05,2148.0,Local (Known Contact),X740,Western Sydney,10750.0,Blacktown (C),PROSPECT,"ARNDELL PARK, BLACKTOWN, BLACKTOWN WESTPOINT, HUNTINGWOOD, KINGS PARK, MARAYONG, PROSPECT",NSW,150.900547,-33.783751,29
2273,2020-04-05,2539.0,Overseas,X730,Illawarra Shoalhaven,16950.0,Shoalhaven (C),YATTE YATTAH,"BAWLEY POINT, BENDALONG, BERRINGER LAKE, BURRILL LAKE, COCKWHY, CONJOLA, CONJOLA PARK, CROOBYAR, CUNJURONG POINT, DOLPHIN POINT, FISHERMANS PARADISE, KINGS POINT, KIOLOA, LAKE CONJOLA, LAKE TABOURIE, MANYANA, MOLLYMOOK, MOLLYMOOK BEACH, MOUNT KINGIMAN, NARRAWALLEE, POINTER MOUNTAIN, PRETTY BEACH, TERMEIL, ULLADULLA, YADBORO, YATTE YATTAH",NSW,150.393202,-35.522387,6
2337,2020-04-05,2103.0,Overseas,X760,Northern Sydney,15990.0,Northern Beaches (A),MONA VALE,MONA VALE,NSW,151.302825,-33.679336,5
2733,2020-04-06,2505.0,Overseas,X730,Illawarra Shoalhaven,18450.0,Wollongong (C),PORT KEMBLA,"KEMBLAWARRA, PORT KEMBLA",NSW,150.943899,-34.466406,1
1411,2020-04-06,2481.0,Overseas,X810,Northern NSW,11350.0,Byron (A),TYAGARAH,"BROKEN HEAD, BYRON BAY, EWINGSDALE, HAYTERS HILL, MYOCUM, SKINNERS SHOOT, SUFFOLK PARK, TALOFA, TYAGARAH",NSW,153.592843,-28.660756,5
881,2020-04-06,2218.0,Overseas,X720,South Eastern Sydney,12930.0,Georges River (A),CARLTON,"ALLAWAH, CARLTON",NSW,151.117453,-33.973161,12
1631,2020-04-06,2320.0,Local (Known Contact),X800,Hunter New England,15050.0,Maitland (C),WINDELLA,"ABERGLASSLYN, ALLANDALE, ANAMBAH, BOLWARRA, BOLWARRA HEIGHTS, FARLEY, GLEN OAK, GOSFORTH, HILLSBOROUGH, HORSESHOE BEND, KEINBAH, LARGS, LORN, LOUTH PARK, MAITLAND, MAITLAND NORTH, MAITLAND VALE, MELVILLE, MINDARIBBA, MOUNT DEE, OAKHAMPTON, OAKHAMPTON HEIGHTS, POKOLBIN, ROSEBROOK, ROTHBURY, RUTHERFORD, SOUTH MAITLAND, TELARAH, WALLALONG, WINDELLA",NSW,151.543675,-32.741737,9
245,2020-04-06,2113.0,Local (Unknown Contact),X760,Northern Sydney,16700.0,Ryde (C),NORTH RYDE,"BLENHEIM ROAD, EAST RYDE, MACQUARIE CENTRE, MACQUARIE PARK, NORTH RYDE",NSW,151.130233,-33.79419,20
484,2020-04-06,2046.0,Overseas,X700,Sydney,11520.0,Canada Bay (A),WAREEMBA,"ABBOTSFORD, CANADA BAY, CHISWICK, FIVE DOCK, RODD POINT, RUSSELL LEA, WAREEMBA",NSW,151.133865,-33.866044,12
416,2020-04-06,2145.0,Overseas,X740,Western Sydney,12380.0,Cumberland (A),WESTMEAD,"CONSTITUTION HILL, GIRRAWEEN, GREYSTANES, MAYS HILL, PEMULWUY, PENDLE HILL, SOUTH WENTWORTHVILLE, WENTWORTHVILLE, WESTMEAD",NSW,150.957425,-33.813103999999996,40
1195,2020-04-06,2000.0,Overseas,X720,South Eastern Sydney,17200.0,Sydney (C),THE ROCKS,"BARANGAROO, DARLING HARBOUR, DAWES POINT, HAYMARKET, MILLERS POINT, PARLIAMENT HOUSE, SYDNEY, SYDNEY SOUTH, THE ROCKS",NSW,151.20879430000002,-33.8681392,16
2575,2020-04-06,2754.0,Local (Known Contact),X750,Nepean Blue Mountains,13800.0,Hawkesbury (C),THE SLOPES,"NORTH RICHMOND, TENNYSON, THE SLOPES",NSW,150.72802,-33.557893,3
22,2020-04-06,2350.0,Local (Unknown Contact),X800,Hunter New England,10130.0,Armidale Regional (A),WONGWIBINDA,"ABERFOYLE, ABINGTON, ACACIA PARK, ARGYLE, ARMIDALE, ARMIDALE DC, ARMIDALE EAST, BEN VENUE, BONA VISTA, BOOROLONG, CASTLE DOYLE, COMMISSIONERS WATERS, DANGARSLEIGH, DONALD CREEK, DUMARESQ, DUVAL, EAST ARMIDALE, ENMORE, HILLGROVE, INVERGOWRIE, JEOGLA, KELLYS PLAINS, LYNDHURST, MADGWICK, METZ, NEWLING, NORTH HILL, PUDDLEDOCK, SAUMAREZ, SAUMAREZ PONDS, SOUDAN HEIGHTS, SOUTH HILL, ST PATRICKS, THALGARRAH, TILBUSTER, WARDS MISTAKE, WEST ARMIDALE, WOLLOMOMBI, WONGWIBINDA",NSW,151.906153,-30.493396999999998,3
1249,2020-04-06,2575.0,Overseas,X710,South Western Sydney,18350.0,Wingecarribee (A),YERRINBOOL,"ALPINE, AYLMERTON, BALACLAVA, BARRALLIER, BRAEMAR, BULLIO, COLO VALE, GOODMANS FORD, HIGH RANGE, HILL TOP, JOADJA, MANDEMAR, MITTAGONG, MOUNT LINDSEY, RENWICK, WATTLE RIDGE, WELBY, WILLOW VALE, WOODLANDS, YERRINBOOL",NSW,150.34221399999998,-34.347195,8
2471,2020-04-06,2289.0,Overseas,X800,Hunter New England,15900.0,Newcastle (C),KOTARA SOUTH,"ADAMSTOWN, ADAMSTOWN HEIGHTS, GARDEN SUBURB, HIGHFIELDS, KOTARA, KOTARA FAIR, KOTARA SOUTH",NSW,151.71008,-32.948567,3
296,2020-04-06,2127.0,Local (Known Contact),X740,Western Sydney,16260.0,Parramatta (C),WENTWORTH POINT,"HOMEBUSH BAY, NEWINGTON, SYDNEY OLYMPIC PARK, WENTWORTH POINT",NSW,151.0771675,-33.82764565,5
1515,2020-04-06,2557.0,Local (Known Contact),X710,South Western Sydney,11450.0,Camden (A),ROSSMORE,"CATHERINE FIELD, GLEDSWOOD HILLS, GREGORY HILLS, ROSSMORE",NSW,150.774858,-33.993545000000005,5
218,2020-04-06,2232.0,Local (Unknown Contact),X720,South Eastern Sydney,17150.0,Sutherland Shire (A),WORONORA,"AUDLEY, GARIE, GRAYS POINT, KAREELA, KIRRAWEE, KIRRAWEE DC, LOFTUS, SUTHERLAND, WORONORA",NSW,151.06432900000001,-34.061753,16
82,2020-04-07,2077.0,Overseas,X760,Northern Sydney,14000.0,Hornsby (A),WAITARA,"ASQUITH, HORNSBY, HORNSBY HEIGHTS, WAITARA",NSW,151.097508,-33.691922,16
1055,2020-04-07,2032.0,Local (Known Contact),X720,South Eastern Sydney,16550.0,Randwick (C),KINGSFORD,"DACEYVILLE, KINGSFORD",NSW,151.223936,-33.930314,7
354,2020-04-07,2234.0,Local (Known Contact),X720,South Eastern Sydney,17150.0,Sutherland Shire (A),MENAI CENTRAL,"ALFORDS POINT, BANGOR, BARDEN RIDGE, ILLAWONG, LUCAS HEIGHTS, MENAI, MENAI CENTRAL",NSW,151.004412,-34.021938,20
580,2020-04-07,2024.0,Local (Known Contact),X720,South Eastern Sydney,18050.0,Waverley (A),WAVERLEY,"BRONTE, CHARING CROSS, WAVERLEY",NSW,151.259392,-33.904414,17
765,2020-04-07,2570.0,Overseas,X710,South Western Sydney,11450.0,Camden (A),WEROMBI,"BELIMBLA PARK, BICKLEY VALE, BROWNLOW HILL, CAMDEN, CAMDEN PARK, CAMDEN SOUTH, CAWDOR, COBBITTY, ELDERSLIE, ELLIS LANE, GLENMORE, GRASMERE, KIRKHAM, LEFEVRES CORNER, MOUNT HUNTER, NATTAI, OAKDALE, ORAN PARK, ORANGEVILLE, SPRING FARM, THE OAKS, THERESA PARK, WEROMBI",NSW,150.52529199999998,-34.042913,13
1796,2020-04-07,2264.0,Local (Known Contact),X800,Hunter New England,14650.0,Lake Macquarie (C),YARRAWONGA PARK,"BALCOLYN, BONNELLS BAY, BRIGHTWATERS, DORA CREEK, ERARING, MANDALONG, MIRRABOOKA, MORISSET, MORISSET PARK, MYUNA BAY, SILVERWATER, SUNSHINE, WINDERMERE PARK, YARRAWONGA PARK",NSW,151.533807,-33.106675,6
553,2020-04-07,2096.0,Local (Unknown Contact),X760,Northern Sydney,15990.0,Northern Beaches (A),QUEENSCLIFF,"CURL CURL, FRESHWATER, HARBORD, QUEENSCLIFF",NSW,151.28493999999998,-33.776781,14
1678,2020-04-07,2074.0,Local (Known Contact),X760,Northern Sydney,14500.0,Ku-ring-gai (A),WARRAWEE,"BOBBIN HEAD, NORTH TURRAMURRA, SOUTH TURRAMURRA, TURRAMURRA, WARRAWEE",NSW,151.123716,-33.735222,14
2191,2020-04-07,2152.0,Local (Unknown Contact),X740,Western Sydney,16260.0,Parramatta (C),NORTHMEAD,NORTHMEAD,NSW,150.996388,-33.782501,5
120,2020-04-07,2022.0,Local (Known Contact),X720,South Eastern Sydney,18050.0,Waverley (A),QUEENS PARK,"BONDI JUNCTION, BONDI JUNCTION PLAZA, QUEENS PARK",NSW,151.245049,-33.896401000000004,35
1560,2020-04-07,2303.0,Overseas,X800,Hunter New England,15900.0,Newcastle (C),HAMILTON SOUTH,"HAMILTON, HAMILTON DC, HAMILTON EAST, HAMILTON SOUTH",NSW,151.743325,-32.924571,6
646,2020-04-07,2207.0,Local (Known Contact),X720,South Eastern Sydney,10500.0,Bayside (A),BEXLEY SOUTH,"BARDWELL PARK, BARDWELL VALLEY, BEXLEY, BEXLEY NORTH, BEXLEY SOUTH",NSW,151.119517,-33.948744,10
268,2020-04-08,2119.0,Local (Unknown Contact),X760,Northern Sydney,14000.0,Hornsby (A),CHELTENHAM,"BEECROFT, CHELTENHAM",NSW,151.064176,-33.755499,9
372,2020-04-08,2428.0,Under Investigation,X800,Hunter New England,15240.0,Mid-Coast (A),WHOOTA,"BLUEYS BEACH, BOOMERANG BEACH, BOOTI BOOTI, CHARLOTTE BAY, COOMBA BAY, COOMBA PARK, DARAWANK, ELIZABETH BEACH, FORSTER, FORSTER SHOPPING VILLAGE, GREEN POINT, PACIFIC PALMS, SANDBAR, SHALLOW BAY, SMITHS LAKE, TARBUCK BAY, TIONA, TUNCURRY, WALLINGAT, WALLIS LAKE, WHOOTA",NSW,152.454216,-32.196739,18
657,2020-04-08,2020.0,Overseas,X720,South Eastern Sydney,10500.0,Bayside (A),SYDNEY INTERNATIONAL AIRPORT,"MASCOT, SYDNEY DOMESTIC AIRPORT, SYDNEY INTERNATIONAL AIRPORT",NSW,151.176775,-33.936178999999996,11
87,2020-04-08,2163.0,Local (Unknown Contact),X710,South Western Sydney,12850.0,Fairfield (C),VILLAWOOD,"CARRAMAR, LANSDOWNE, VILLAWOOD",NSW,150.979458,-33.887203,5
2661,2020-04-08,2168.0,Local (Known Contact),X710,South Western Sydney,14900.0,Liverpool (C),SADLEIR,"ASHCROFT, BUSBY, CARTWRIGHT, GREEN VALLEY, HECKENBERG, HINCHINBROOK, MILLER, SADLEIR",NSW,150.87534499999998,-33.915939,12
449,2020-04-08,2761.0,Local (Unknown Contact),X740,Western Sydney,10750.0,Blacktown (C),PLUMPTON,"COLEBEE, DEAN PARK, GLENDENNING, GLENDENNING DC, HASSALL GROVE, OAKHURST, PLUMPTON",NSW,150.84746,-33.742005999999996,15
2734,2020-04-08,2722.0,Overseas,X840,Murrumbidgee,12160.0,Cootamundra-Gundagai Regional (A),WILLIE PLOMA,"BONGALONG, BONGONGALONG, BRUNGLE, BRUNGLE CREEK, BURRA, BURRA CREEK, DARBALARA, EDWARDSTOWN, GUNDAGAI, JACKALASS, JONES CREEK, MUTTAMA, NANGUS, RENO, SOUTH GUNDAGAI, TARRABANDRA, WAGRAGOBILLY, WILLIE PLOMA",NSW,148.10286599999998,-35.053523,1
2590,2020-04-08,2137.0,Local (Known Contact),X700,Sydney,11520.0,Canada Bay (A),NORTH STRATHFIELD,"BREAKFAST POINT, CABARITA, CONCORD, MORTLAKE, NORTH STRATHFIELD",NSW,151.103751,-33.857490000000006,3
1857,2020-04-08,2210.0,Local (Known Contact),X720,South Eastern Sydney,12930.0,Georges River (A),RIVERWOOD,"LUGARNO, PEAKHURST, PEAKHURST DC, PEAKHURST HEIGHTS, RIVERWOOD",NSW,151.052257,-33.957725,19
1868,2020-04-08,2111.0,Local (Known Contact),X760,Northern Sydney,14100.0,Hunters Hill (A),TENNYSON POINT,"BORONIA PARK, GLADESVILLE, HENLEY, HUNTLEYS COVE, HUNTLEYS POINT, MONASH PARK, TENNYSON POINT",NSW,151.12448799999999,-33.829953,11
1975,2020-04-08,2321.0,Under Investigation,X800,Hunter New England,15050.0,Maitland (C),WOODVILLE,"BERRY PARK, BUTTERWICK, CLARENCE TOWN, CLIFTLEIGH, DUCKENFIELD, DUNS CREEK, GILLIESTON HEIGHTS, GLEN MARTIN, GLEN WILLIAM, HARPERS HILL, HEDDON GRETA, HINTON, IONA, LOCHINVAR, LUSKINTYRE, MORPETH, OSWALD, PHOENIX PARK, RAWORTH, WINDERMERE, WOERDEN, WOODVILLE",NSW,151.683702,-32.660185999999996,7
2034,2020-04-08,2541.0,Overseas,X730,Illawarra Shoalhaven,16950.0,Shoalhaven (C),WEST NOWRA,"BANGALEE, BOMADERRY, NORTH NOWRA, NOWRA, NOWRA DC, NOWRA EAST, NOWRA NORTH, SOUTH NOWRA, WEST NOWRA",NSW,150.450994,-34.990592,9
2562,2020-04-08,2450.0,Overseas,X820,Mid North Coast,11800.0,Coffs Harbour (C),UPPER ORARA,"BOAMBEE, BONVILLE, BROOKLANA, BUCCA, COFFS HARBOUR, COFFS HARBOUR DC, COFFS HARBOUR JETTY, COFFS HARBOUR PLAZA, CORAMBA, DAIRYVILLE, GLENREAGH, KARANGI, KORORA, LOWANNA, LOWER BUCCA, MOONEE BEACH, NANA GLEN, NORTH BOAMBEE VALLEY, SAPPHIRE BEACH, SHERWOOD, ULONG, UPPER ORARA",NSW,152.658268,-30.097726,11
1506,2020-04-08,2283.0,Local (Known Contact),X800,Hunter New England,14650.0,Lake Macquarie (C),TORONTO,"ARCADIA VALE, AWABA, BALMORAL, BLACKALLS PARK, BOLTON POINT, BUTTABA, CAREY BAY, COAL POINT, FASSIFERN, FENNELL BAY, FISHING POINT, KILABEN BAY, RATHMINES, RYHOPE, TORONTO",NSW,151.57181,-33.019117,15
4,2020-04-08,2134.0,Local (Known Contact),X700,Sydney,11300.0,Burwood (A),BURWOOD NORTH,"BURWOOD, BURWOOD NORTH",NSW,151.10175700000002,-33.880049,5
1384,2020-04-08,2767.0,Local (Unknown Contact),X740,Western Sydney,10750.0,Blacktown (C),WOODCROFT,"BUNGARRIBEE, DOONSIDE, WOODCROFT",NSW,150.871134,-33.763843,7
2367,2020-04-08,2135.0,Local (Unknown Contact),X700,Sydney,17100.0,Strathfield (A),STRATHFIELD,STRATHFIELD,NSW,151.08475900000002,-33.881009000000006,9
1357,2020-04-08,2206.0,Interstate,X700,Sydney,11570.0,Canterbury-Bankstown (A),UNDERCLIFFE,"CLEMTON PARK, EARLWOOD, UNDERCLIFFE",NSW,151.122881,-33.926056,6
2320,2020-04-08,2304.0,Local (Unknown Contact),X800,Hunter New England,15900.0,Newcastle (C),WARABROOK,"KOORAGANG, MAYFIELD, MAYFIELD EAST, MAYFIELD NORTH, MAYFIELD WEST, SANDGATE, WARABROOK",NSW,151.73862,-32.880319,3
1134,2020-04-08,2479.0,Overseas,X810,Northern NSW,11350.0,Byron (A),ST HELENA,"BANGALOW, BINNA BURRA, BROOKLET, COOPERS SHOOT, COORABELL, FERNLEIGH, KNOCKROW, MCLEODS SHOOT, NASHUA, NEWRYBAR, POSSUM CREEK, ST HELENA",NSW,153.514963,-28.709545000000002,4
1167,2020-04-08,2430.0,Under Investigation,X800,Hunter New England,15240.0,Mid-Coast (A),WALLABI POINT,"BLACK HEAD, BOHNOCK, BOOTAWA, BRIMBIN, CABBAGE TREE ISLAND, CHATHAM, CROKI, CUNDLETOWN, DIAMOND BEACH, DUMARESQ ISLAND, FAILFORD, GHINNI GHINNI, GLENTHORNE, HALLIDAYS POINT, HAPPY VALLEY, HILLVILLE, JONES ISLAND, KIWARRAK, KOLODONG, KOORAINGHAT, KUNDLE KUNDLE, LANSDOWNE, LANSDOWNE FOREST, MANNING POINT, MELINGA, MITCHELLS ISLAND, MONDROOK, OLD BAR, OXLEY ISLAND, PAMPOOLAH, POSSUM BRUSH, PURFLEET, RAINBOW FLAT, RED HEAD, SALTWATER, TALLWOODS VILLAGE, TAREE, TAREE DC, TAREE SOUTH, TAREE WEST, TINONEE, UPPER LANSDOWNE, WALLABI POINT",NSW,152.503209,-31.899310999999997,16
2481,2020-04-08,2062.0,Interstate,X760,Northern Sydney,15950.0,North Sydney (A),CAMMERAY,CAMMERAY,NSW,151.21246000000002,-33.822837,8
1221,2020-04-08,2193.0,Local (Known Contact),X700,Sydney,11570.0,Canterbury-Bankstown (A),HURLSTONE PARK,"ASHBURY, CANTERBURY, HURLSTONE PARK",NSW,151.12086000000002,-33.910308,7
2409,2020-04-08,2478.0,Overseas,X810,Northern NSW,10250.0,Ballina (A),WEST BALLINA,"BALLINA, BALLINA DC, COOLGARDIE, CUMBALUM, EAST BALLINA, EMPIRE VALE, KEITH HALL, KINVARA, LENNOX HEAD, PATCHS BEACH, PIMLICO, PIMLICO ISLAND, SKENNARS HEAD, SOUTH BALLINA, TEVEN, TINTENBAR, WEST BALLINA",NSW,153.532475,-28.865483,4
2405,2020-04-08,2212.0,Overseas,X710,South Western Sydney,11570.0,Canterbury-Bankstown (A),REVESBY NORTH,"REVESBY, REVESBY HEIGHTS, REVESBY NORTH",NSW,151.014547,-33.947286,5
2468,2020-04-08,2317.0,Overseas,X800,Hunter New England,16400.0,Port Stephens (A),SOLDIERS POINT,"SALAMANDER BAY, SOLDIERS POINT",NSW,152.076399,-32.720937,4
2489,2020-04-09,2640.0,Overseas,X921,Network with Vic,10050.0,Albury (C),WYMAH,"ALBURY, BUNGOWANNAH, EAST ALBURY, ETTAMOGAH, GLENROY, LAVINGTON DC, MOORWATHA, NORTH ALBURY, OURNIE, SOUTH ALBURY, SPLITTERS CREEK, TABLE TOP, TALMALMO, THURGOONA, WEST ALBURY, WIRLINGA, WYMAH",NSW,147.026549,-36.016196,5
2395,2020-04-09,2035.0,Local (Unknown Contact),X720,South Eastern Sydney,16550.0,Randwick (C),PAGEWOOD,"MAROUBRA, MAROUBRA SOUTH, PAGEWOOD",NSW,151.241292,-33.945634999999996,21
1906,2020-04-09,2261.0,Local (Known Contact),X770,Central Coast,11650.0,Central Coast (C) (NSW),TUMBI UMBI,"BATEAU BAY, BAY VILLAGE, BERKELEY VALE, BLUE BAY, CHITTAWAY BAY, CHITTAWAY POINT, GLENNING VALLEY, KILLARNEY VALE, LONG JETTY, MAGENTA, SHELLY BEACH, THE ENTRANCE, THE ENTRANCE NORTH, TOOWOON BAY, TUMBI UMBI",NSW,151.519708,-33.315827,8
2358,2020-04-09,2007.0,Local (Known Contact),X700,Sydney,17200.0,Sydney (C),ULTIMO,"BROADWAY, ULTIMO",NSW,151.19665,-33.883189,8
2012,2020-04-09,2107.0,Overseas,X760,Northern Sydney,15990.0,Northern Beaches (A),WHALE BEACH,"AVALON, AVALON BEACH, BILGOLA, BILGOLA BEACH, BILGOLA PLATEAU, CAREEL BAY, CLAREVILLE, PARADISE BEACH, TAYLORS POINT, WHALE BEACH",NSW,151.323289,-33.634816,6
2730,2020-04-09,2165.0,Local (Known Contact),X710,South Western Sydney,12850.0,Fairfield (C),FAIRFIELD WEST,"FAIRFIELD, FAIRFIELD EAST, FAIRFIELD HEIGHTS, FAIRFIELD WEST",NSW,150.947496,-33.872434999999996,3
2052,2020-04-09,2560.0,Local (Known Contact),X710,South Western Sydney,11500.0,Campbelltown (C) (NSW),WOODBINE,"AIRDS, AMBARVALE, APPIN, BLAIR ATHOL, BRADBURY, CAMPBELLTOWN, CAMPBELLTOWN NORTH, CATARACT, ENGLORIE PARK, GILEAD, GLEN ALPINE, KENTLYN, LEUMEAH, MACARTHUR SQUARE, ROSEMEADOW, RUSE, ST HELENS PARK, WEDDERBURN, WOODBINE",NSW,150.768408,-34.194216,16
1822,2020-04-09,2086.0,Local (Unknown Contact),X760,Northern Sydney,15990.0,Northern Beaches (A),FRENCHS FOREST EAST,"FRENCHS FOREST, FRENCHS FOREST EAST",NSW,151.22921100000002,-33.75185,6
468,2020-04-09,2170.0,Local (Known Contact),X710,South Western Sydney,14900.0,Liverpool (C),WARWICK FARM,"CASULA, CASULA MALL, CHIPPING NORTON, HAMMONDVILLE, LIVERPOOL, LIVERPOOL SOUTH, LIVERPOOL WESTFIELD, LURNEA, MOOREBANK, MOUNT PRITCHARD, PRESTONS, WARWICK FARM",NSW,150.921448,-33.928391999999995,19
2182,2020-04-09,2621.0,Overseas,X830,Southern NSW,16490.0,Queanbeyan-Palerang Regional (A),ROSSI,"ANEMBO, BUNGENDORE, BYWONG, FORBES CREEK, HOSKINSTOWN, PRIMROSE VALLEY, ROSSI",NSW,149.484038,-35.4698,4
2217,2020-04-09,2017.0,Under Investigation,X700,Sydney,17200.0,Sydney (C),ZETLAND,"WATERLOO, WATERLOO DC, ZETLAND",NSW,151.206316,-33.903892,10
186,2020-04-09,2200.0,Overseas,X710,South Western Sydney,11570.0,Canterbury-Bankstown (A),MOUNT LEWIS,"BANKSTOWN, BANKSTOWN AERODROME, BANKSTOWN AIRPORT, BANKSTOWN NORTH, BANKSTOWN SQUARE, CONDELL PARK, MANAHAN, MOUNT LEWIS",NSW,151.014937,-33.926559000000005,10
1567,2020-04-09,2072.0,Overseas,X760,Northern Sydney,14500.0,Ku-ring-gai (A),GORDON,GORDON,NSW,151.153176,-33.754582,7
1464,2020-04-09,2171.0,Local (Known Contact),X710,South Western Sydney,14900.0,Liverpool (C),WEST HOXTON,"CARNES HILL, CECIL HILLS, ELIZABETH HILLS, HORNINGSEA PARK, HOXTON PARK, LEN WATERS ESTATE, MIDDLETON GRANGE, WEST HOXTON",NSW,150.970931,-33.959617,12
1447,2020-04-09,2260.0,Overseas,X770,Central Coast,11650.0,Central Coast (C) (NSW),WAMBERAL,"ERINA HEIGHTS, FORRESTERS BEACH, NORTH AVOCA, TERRIGAL, WAMBERAL",NSW,151.436939,-33.42537,11
2632,2020-04-09,2176.0,Local (Known Contact),X710,South Western Sydney,12850.0,Fairfield (C),WAKELEY,"ABBOTSBURY, BOSSLEY PARK, EDENSOR PARK, GREENFIELD PARK, PRAIRIEWOOD, ST JOHNS PARK, WAKELEY",NSW,150.88526000000002,-33.872014,14
1312,2020-04-09,2075.0,Overseas,X760,Northern Sydney,14500.0,Ku-ring-gai (A),ST IVES CHASE,"NORTH ST IVES, ST IVES, ST IVES CHASE",NSW,151.16728999999998,-33.723693,14
870,2020-04-09,2763.0,Overseas,X740,Western Sydney,10750.0,Blacktown (C),QUAKERS HILL,"ACACIA GARDENS, QUAKERS HILL",NSW,150.89547,-33.725619,16
1620,2020-04-09,2108.0,Overseas,X760,Northern Sydney,15990.0,Northern Beaches (A),THE BASIN,"COASTERS RETREAT, CURRAWONG BEACH, GREAT MACKEREL BEACH, MORNING BAY, PALM BEACH, THE BASIN",NSW,151.32275900000002,-33.60382,2
66,2020-04-09,2070.0,Overseas,X760,Northern Sydney,14500.0,Ku-ring-gai (A),LINDFIELD WEST,"EAST LINDFIELD, LINDFIELD, LINDFIELD WEST",NSW,151.16200700000002,-33.78042,9
1665,2020-04-09,2287.0,Under Investigation,X800,Hunter New England,15900.0,Newcastle (C),WALLSEND SOUTH,"BIRMINGHAM GARDENS, ELERMORE VALE, FLETCHER, MARYLAND, MINMI, RANKIN PARK, SUMMER HILL, WALLSEND, WALLSEND DC, WALLSEND SOUTH",NSW,151.65807,-32.892577,18
2514,2020-04-09,2209.0,Local (Known Contact),X720,South Eastern Sydney,12930.0,Georges River (A),NARWEE,"BEVERLY HILLS, NARWEE",NSW,151.07530400000002,-33.94913,12
1238,2020-04-10,2216.0,Local (Known Contact),X720,South Eastern Sydney,10500.0,Bayside (A),ROCKDALE DC,"BANKSIA, BRIGHTON LE SANDS, BRIGHTON-LE-SANDS, KYEEMAGH, ROCKDALE, ROCKDALE DC",NSW,151.13754519999998,-33.9522489,13
1774,2020-04-10,2066.0,Local (Unknown Contact),X760,Northern Sydney,14700.0,Lane Cove (A),RIVERVIEW,"LANE COVE, LANE COVE NORTH, LANE COVE WEST, LINLEY POINT, LONGUEVILLE, NORTHWOOD, OSBORNE PARK, RIVERVIEW",NSW,151.16091200000002,-33.818641,16
19,2020-04-10,2033.0,Overseas,X720,South Eastern Sydney,16550.0,Randwick (C),KENSINGTON,KENSINGTON,NSW,151.218435,-33.911390000000004,7
1526,2020-04-10,2323.0,Overseas,X800,Hunter New England,15050.0,Maitland (C),TENAMBIT,"ASHTONFIELD, BRUNKERVILLE, BUCHANAN, BUTTAI, EAST MAITLAND, FOUR MILE CREEK, FREEMANS WATERHOLE, GREEN HILLS, GREENHILLS, METFORD, METFORD DC, MOUNT VINCENT, MULBRING, PITNACREE, RICHMOND VALE, TENAMBIT",NSW,151.607554,-32.757616,10
2494,2020-04-10,2164.0,Local (Known Contact),X710,South Western Sydney,12850.0,Fairfield (C),WOODPARK,"SMITHFIELD, SMITHFIELD WEST, WETHERILL PARK, WETHERILL PARK BC, WOODPARK",NSW,150.87502800000001,-33.844153000000006,5
1349,2020-04-10,2281.0,Under Investigation,X800,Hunter New England,14650.0,Lake Macquarie (C),SWANSEA HEADS,"BLACKSMITHS, CAMS WHARF, CATHERINE HILL BAY, CAVES BEACH, LITTLE PELICAN, MIDDLE CAMP, MURRAYS BEACH, NORDS WHARF, PELICAN, PINNY BEACH, SWANSEA, SWANSEA HEADS",NSW,151.668857,-33.089963,5
1758,2020-04-10,2155.0,Overseas,X740,Western Sydney,17420.0,The Hills Shire (A),ROUSE HILL,"BEAUMONT HILLS, KELLYVILLE, KELLYVILLE RIDGE, NORTH KELLYVILLE, ROUSE HILL",NSW,150.931074,-33.731522999999996,23
796,2020-04-10,2031.0,Local (Unknown Contact),X720,South Eastern Sydney,16550.0,Randwick (C),ST PAULS,"CLOVELLY, CLOVELLY WEST, RANDWICK, RANDWICK DC, ST PAULS",NSW,151.23916699999998,-33.914832000000004,27
1968,2020-04-10,2322.0,Under Investigation,X800,Hunter New England,15050.0,Maitland (C),WOODBERRY,"BERESFIELD, BLACK HILL, CHISHOLM, HEXHAM, LENAGHAN, STOCKRINGTON, TARRO, THORNTON, TOMAGO, WOODBERRY",NSW,151.65415,-32.819819,7
2138,2020-04-10,2280.0,Overseas,X800,Hunter New England,14650.0,Lake Macquarie (C),VALENTINE,"BELMONT, BELMONT NORTH, BELMONT SOUTH, CROUDACE BAY, FLORAVILLE, JEWELLS, MARKS POINT, VALENTINE",NSW,151.663175,-33.019715000000005,9
667,2020-04-10,2114.0,Local (Unknown Contact),X760,Northern Sydney,16700.0,Ryde (C),WEST RYDE,"DENISTONE, DENISTONE WEST, MEADOWBANK, MELROSE PARK, WEST RYDE",NSW,151.084181,-33.810990999999994,11
1940,2020-04-11,2770.0,Overseas,X740,Western Sydney,10750.0,Blacktown (C),WILLMOT,"BIDWILL, BLACKETT, DHARRUK, EMERTON, HEBERSHAM, LETHBRIDGE PARK, MINCHINBURY, MOUNT DRUITT, MOUNT DRUITT VILLAGE, SHALVEY, TREGEAR, WHALAN, WILLMOT",NSW,150.810246,-33.756443,10
131,2020-04-11,2217.0,Local (Unknown Contact),X720,South Eastern Sydney,10500.0,Bayside (A),RAMSGATE BEACH,"BEVERLEY PARK, KOGARAH, KOGARAH BAY, MONTEREY, RAMSGATE, RAMSGATE BEACH",NSW,151.140345,-33.974354,9
810,2020-04-11,2030.0,Local (Known Contact),X720,South Eastern Sydney,18050.0,Waverley (A),WATSONS BAY,"DIAMOND BAY, DOVER HEIGHTS, HMAS WATSON, ROSE BAY NORTH, VAUCLUSE, WATSONS BAY",NSW,151.275977,-33.858378,14
2143,2020-04-11,2564.0,Local (Known Contact),X710,South Western Sydney,11500.0,Campbelltown (C) (NSW),MACQUARIE FIELDS,"GLENQUARIE, LONG POINT, MACQUARIE FIELDS",NSW,150.894916,-33.998362,5
1578,2020-04-11,2747.0,Local (Known Contact),X750,Nepean Blue Mountains,16350.0,Penrith (C),WERRINGTON DOWNS,"CADDENS, CAMBRIDGE GARDENS, CAMBRIDGE PARK, CLAREMONT MEADOWS, JORDAN SPRINGS, KINGSWOOD, LLANDILO, SHANES PARK, WERRINGTON, WERRINGTON COUNTY, WERRINGTON DOWNS",NSW,150.739398,-33.722322999999996,11
620,2020-04-11,2023.0,Local (Unknown Contact),X720,South Eastern Sydney,18500.0,Woollahra (A),BELLEVUE HILL,BELLEVUE HILL,NSW,151.25591,-33.884685,33
993,2020-04-11,2026.0,Overseas,X720,South Eastern Sydney,18050.0,Waverley (A),TAMARAMA,"BEN BUCKLER, BONDI, BONDI BEACH, NORTH BONDI, TAMARAMA",NSW,151.268968,-33.891040999999994,111
852,2020-04-11,2088.0,Overseas,X760,Northern Sydney,15350.0,Mosman (A),SPIT JUNCTION,"MOSMAN, SPIT JUNCTION",NSW,151.243351,-33.830687,42
2431,2020-04-11,2318.0,Overseas,X800,Hunter New England,16400.0,Port Stephens (A),WILLIAMTOWN,"CAMPVALE, FERODALE, FULLERTON COVE, MEDOWIE, OYSTER COVE, SALT ASH, WILLIAMTOWN",NSW,151.851897,-32.769906,5
1214,2020-04-12,2099.0,Under Investigation,X760,Northern Sydney,15990.0,Northern Beaches (A),WINGALA,"CROMER, CROMER HEIGHTS, DEE WHY, DEE WHY BEACH, NARRAWEENA, NORTH CURL CURL, WINGALA",NSW,151.279999,-33.748914,19
2101,2020-04-12,2750.0,Local (Known Contact),X750,Nepean Blue Mountains,16350.0,Penrith (C),SOUTH PENRITH,"EMU HEIGHTS, EMU PLAINS, JAMISONTOWN, LEONAY, PENRITH, PENRITH PLAZA, PENRITH SOUTH, SOUTH PENRITH",NSW,150.678551,-33.755476,14
